text_asli,removed_noise,removed_stopwords
"@ernestprakasa btw yang mau work from home hubungin ane ya, modal 3jtaan aja","btw yang mau work from home hubungin ane ya, modal 3jtaan aja",btw work from home hubungin ane modal 3jtaan
"@efrianss_ pemerintah yg jelas2 udh blg work from home aja kalah ama bos w yg ttp work from office, pusing ngga ngerti lg gmn cara jelasinnya :( semoga aku dan teman2 kantor sehat selalu","pemerintah yg jelas2 udh blg work from home aja kalah ama bos w yg ttp work from office, pusing ngga ngerti lg gmn cara jelasinnya :( semoga aku dan teman2 kantor sehat selalu",perintah jelas2 udh blg work from home kalah ama bos w work from office pusing ngerti gmn jelasinnya teman2 kantor sehat
rabio disik aku tak work from home.,rabio disik aku tak work from home.,rabio disik work from home
@dennysiregar7 kan bisa work from home bapak,kan bisa work from home bapak,work from home
"maunya stay at home, tapi belom ada perintah guru work from home. masih kudu ke sekolah, ya ebersih ya senam :)","maunya stay at home, tapi belom ada perintah guru work from home. masih kudu ke sekolah, ya ebersih ya senam :)",stay at home bom perintah guru work from home kudu sekolah ebersih senam
"@amyyfadzil dahhh p download pubg tuuuuu..
kita piu piuuuuu..la kena work from home kan..pubg laaaa ğŸ˜‚ğŸ˜‚ğŸ˜‚","dahhh p download pubg tuuuuu..
kita piu piuuuuu..la kena work from home kan..pubg laaaa ğŸ˜‚ğŸ˜‚ğŸ˜‚",dahhh p download pubg tuuuuu piu piuuuuu la kena work from home pubg laaaa
jadwal work from home sudah keluar nih,jadwal work from home sudah keluar nih,jadwal work from home
#leo: dikata cicil rumah bisa dihold. bank jg pasti butuh utk gaji karyawan dr hasil cicilan itu. ckck. jadi serba salah perusahaan juga mau work from home aja unpaid. kan bikin kesel.,#leo: dikata cicil rumah bisa dihold. bank jg pasti butuh utk gaji karyawan dr hasil cicilan itu. ckck. jadi serba salah perusahaan juga mau work from home aja unpaid. kan bikin kesel.,leo cicil rumah dihold bank jg butuh gaji karyawan dr hasil cicil ckck serba salah usaha work from home unpaid bikin kesel
waktunya work from home ğŸ’» https://t.co/7zermwrgua,waktunya work from home ğŸ’»,work from home
"dah la line tak okay, i kena work from home, nak video call pon tak lepas. time orang duduk rumah lagi banyak memerlukan internet , penatlah bayar tiap bulan tapi bad servis .. takkan line pon kena corona kot","dah la line tak okay, i kena work from home, nak video call pon tak lepas. time orang duduk rumah lagi banyak memerlukan internet , penatlah bayar tiap bulan tapi bad servis .. takkan line pon kena corona kot",la line okay i kena work from home video call pon lepas time orang duduk rumah internet penat bayar bad servis line pon kena corona kot
ya allah kapan kantor w menerapkan work from home suka ketar ketir kalau keluar rumah atau ketemu orang orang :â€™),ya allah kapan kantor w menerapkan work from home suka ketar ketir kalau keluar rumah atau ketemu orang orang :â€™),allah kantor w terap work from home suka ketar tir rumah ketemu orang orang
"ada juga yg bilang aku nggak ngerti konsep ""work from home"" dan malah dtg kondangan hahaha
aku juga pengen work from home tapi kantorku tidak memberlakukan itu, dan hanya mengurangi jam kerja aja,","ada juga yg bilang aku nggak ngerti konsep ""work from home"" dan malah dtg kondangan hahaha
aku juga pengen work from home tapi kantorku tidak memberlakukan itu, dan hanya mengurangi jam kerja aja,",bilang ngerti konsep work from home dtg kondangan hahaha ken work from home kantor laku jam kerja
"yawlaaa work from home ini malah extra kerjanya...banyak yg harus disiapin, koreksi... blom lagi nguras paket data ğŸ˜Œ","yawlaaa work from home ini malah extra kerjanya...banyak yg harus disiapin, koreksi... blom lagi nguras paket data ğŸ˜Œ",yawlaaa work from home extra kerja disiapin koreksi blom nguras paket data
"work from home.

dalam segi agama : mendekatkan kita pada yang maha kuasa.

dalam segi realita : mendekatkan diri pada dinding rumah atau sofa.","work from home.

dalam segi agama : mendekatkan kita pada yang maha kuasa.

dalam segi realita : mendekatkan diri pada dinding rumah atau sofa.",work from home segi agama maha kuasa segi realita dinding rumah sofa
@_nrnajihahhh kerja lab ada jugak ka work from homeğŸ˜…. sebab barangÂ² kan semua ada dekat labğŸ˜‚,kerja lab ada jugak ka work from homeğŸ˜…. sebab barangÂ² kan semua ada dekat labğŸ˜‚,kerja lab jugak ka work from home barang lab
"#repost from surabaya.cityscape
danau galau, kampus unesa

selain work from home, saiki suroboyo malmingan from home
â€”
â€”
â€”
photo by abdi.luthfi
â€”
â€”
â€”
#surabayacityscape #surabaya  #banggasurabaya #evening #bandungâ€¦ https://t.co/qmuwgurcbo","#repost from surabaya.cityscape
danau galau, kampus unesa

selain work from home, saiki suroboyo malmingan from home
â€”
â€”
â€”
photo by abdi.luthfi
â€”
â€”
â€”
#surabayacityscape #surabaya #banggasurabaya #evening #bandungâ€¦",repost from surabaya cityscape danau galau kampus unesa work from home saiki suroboyo malmingan from home photo by abdi luthfi surabayacityscape surabaya banggasurabaya evening bandung
"work from home, learning from home.
tai anjing lah lieur bego kalo ga tatap muka teh","work from home, learning from home.
tai anjing lah lieur bego kalo ga tatap muka teh",work from home learning from home tai anjing lieur bego tatap muka teh
@jjaesixday work from home wkwkwk,work from home wkwkwk,work from home wkwkwk
@conynatalie @ficofachriza_ ğŸ˜­ğŸ˜­ğŸ˜­ konten-konten yg menemani selama work from home ğŸ˜‚,ğŸ˜­ğŸ˜­ğŸ˜­ konten-konten yg menemani selama work from home ğŸ˜‚,konten tani work from home
"@galsdwi work from home supaya tidak terlalu banyak berinteraksi dengan banyak orang,
endingnya kondangan ğŸ¤¦â€â™€ï¸ğŸ¤¦â€â™€ï¸ğŸ¤¦â€â™€ï¸
sepertinya ga ngerti maksudnya work from home.","work from home supaya tidak terlalu banyak berinteraksi dengan banyak orang,
endingnya kondangan ğŸ¤¦â€â™€ï¸ğŸ¤¦â€â™€ï¸ğŸ¤¦â€â™€ï¸
sepertinya ga ngerti maksudnya work from home.",work from home interaksi orang endingnya kondangan ngerti maksud work from home
@affazhan_ marah sgt org kat dia. aku pun marah dia jugak hm punca sgt. dah cuti dah pip work from home je ni,marah sgt org kat dia. aku pun marah dia jugak hm punca sgt. dah cuti dah pip work from home je ni,marah sgt org kat marah jugak hm punca sgt cuti pip work from home je
"@fanfanoo ye gw aja kagak tau itu ppds sistemnya blok juga apa masi sks, apalagi nama organisasinya wkwkwk taunya konsorsium gw. masi bae2 aja, work from home ne.","ye gw aja kagak tau itu ppds sistemnya blok juga apa masi sks, apalagi nama organisasinya wkwkwk taunya konsorsium gw. masi bae2 aja, work from home ne.",ye tau ppds sistem blok mas sks nama organisasi wkwkwk tau konsorsium mas bae2 work from home ne
"monggo yang mau melihat tulisan dalam rangka memanfaatkan waktu senggang di kosan, kritik saran dipersilahkan. terimakasih &amp; semoga bermanfaat

i just published jaga produktifitas walaupun work from home, upaya cegah penyebaran virus covid-19 https://t.co/234qqnjkus","monggo yang mau melihat tulisan dalam rangka memanfaatkan waktu senggang di kosan, kritik saran dipersilahkan. terimakasih &amp; semoga bermanfaat

i just published jaga produktifitas walaupun work from home, upaya cegah penyebaran virus covid-19",monggo lihat tulis rangka manfaat senggang kosan kritik saran silah terimakasih amp manfaat i just published jaga produktifitas work from home upaya cegah sebar virus covid-19
"istilah-istilah yang perlu diketahui terkait corona, yaitu:
1. odp
2. pdp
3. social distancing
4. work from home
5. lockdown
6. imported casey
7. local transmission

#bnpb
#bnpbindonesia #covid19 #viruscoronaâ€¦ https://t.co/onabyh4i7e","istilah-istilah yang perlu diketahui terkait corona, yaitu:
1. odp
2. pdp
3. social distancing
4. work from home
5. lockdown
6. imported casey
7. local transmission

#bnpb
#bnpbindonesia #covid19 #viruscoronaâ€¦",istilah kait corona 1 odp 2 pdp 3 social distancing 4 work from home 5 lockdown 6 imported casey 7 local transmission bnpb bnpbindonesia covid19 viruscorona
"work from home, demi menjaga kewarasan aktifkan dnd-

hidup jd lebih tenang wakaka","work from home, demi menjaga kewarasan aktifkan dnd-

hidup jd lebih tenang wakaka",work from home jaga waras aktif dnd- hidup jd tenang wakaka
"blunder itu saat lu sibuk menyerukan stay at home or work from home or self quarantine thingy tapi setelahnya lau posting di story lagi jalan diluar, sepedahan diluar hehehe.","blunder itu saat lu sibuk menyerukan stay at home or work from home or self quarantine thingy tapi setelahnya lau posting di story lagi jalan diluar, sepedahan diluar hehehe.",blunder lu sibuk seru stay at home or work from home or self quarantine thingy lau posting story jalan hehehe
"work from home diperpanjang.
udahan dong aduh :(","work from home diperpanjang.
udahan dong aduh :(",work from home udahan aduh
"bilang nya work from home, tapi dirumah orang ğŸ¤”","bilang nya work from home, tapi dirumah orang ğŸ¤”",bilang work from home rumah orang
"9. wfh : work from home = kdr bekerja/kerja dari rumah
10. imported case : seseorang terjangkit saat berada di luar wilayah dimana pasien melapor

#coronaviruspandemic #covid_19 #viruscoronaupdate","9. wfh : work from home = kdr bekerja/kerja dari rumah
10. imported case : seseorang terjangkit saat berada di luar wilayah dimana pasien melapor

#coronaviruspandemic #covid_19 #viruscoronaupdate",9 wfh work from home kdr kerja kerja rumah 10 imported case orang jangkit wilayah pasien lapor coronaviruspandemic covid 19 viruscoronaupdate
park dulu. nnti scroll semula. internet kene sabe skang ni. work from home deh ğŸ˜‚ https://t.co/bdk3ucux3c,park dulu. nnti scroll semula. internet kene sabe skang ni. work from home deh ğŸ˜‚,park nnti scroll internet kene sabe skang work from home deh
"jaga jarak itu mudah, yang sulit itu jaga timbangan. drama work from home ğŸ™ƒ","jaga jarak itu mudah, yang sulit itu jaga timbangan. drama work from home ğŸ™ƒ",jaga jarak mudah sulit jaga drama work from home
"@jinskive sama kuli ya tetap kuli 

padahal kerjaan ku bisa work from home. tapi tetep kudu masuk ğŸ˜‚",sama kuli ya tetap kuli padahal kerjaan ku bisa work from home. tapi tetep kudu masuk ğŸ˜‚,kuli kuli kerja ku work from home tetep kudu masuk
@srbachchan sir ya indian hai sala ek ko work from home wola toh sale nai ticket krliya goa janee ka ğŸ˜‚,sir ya indian hai sala ek ko work from home wola toh sale nai ticket krliya goa janee ka ğŸ˜‚,sir indian hai sala ek ko work from home wola sale nai ticket krliya goa janee ka
bila dah semua duduk rumah so line pun jadi lembap satu kampung. nak buat work from home pun tak dapat. aku tak faham umobile ni bila tah nak upgrade ğŸ˜­,bila dah semua duduk rumah so line pun jadi lembap satu kampung. nak buat work from home pun tak dapat. aku tak faham umobile ni bila tah nak upgrade ğŸ˜­,duduk rumah so line lembap kampung work from home faham umobile tah upgrade
"dapet email dari hrd kalo hari senin sampai rabu ada penyemprotan disinfektan.
akhirnya ikut merasakan 'work from home' ğŸ’ƒğŸ’ƒğŸ’ƒ","dapet email dari hrd kalo hari senin sampai rabu ada penyemprotan disinfektan.
akhirnya ikut merasakan 'work from home' ğŸ’ƒğŸ’ƒğŸ’ƒ",dapet email hrd senin rabu semprot disinfektan work from home
"dulu pas kuliah ada komputer gaming ga usah work from home, saya 3 bln gak kemana2 uda biasa.
1. nge game bangun hotel
2. nge game perang
3. ng game bangun peternakan
5. sampe paling hapal ng game melayani pelanggan resto ğŸ¤£ğŸ¤£ğŸ¤£ 
6. baca buku harry potter 
7. nonton film","dulu pas kuliah ada komputer gaming ga usah work from home, saya 3 bln gak kemana2 uda biasa.
1. nge game bangun hotel
2. nge game perang
3. ng game bangun peternakan
5. sampe paling hapal ng game melayani pelanggan resto ğŸ¤£ğŸ¤£ğŸ¤£ 6. baca buku harry potter 7. nonton film",pas kuliah komputer gaming work from home 3 bln kemana2 uda 1 nge game bangun hotel 2 nge game perang 3 ng game bangun terna 5 sampe hapal ng game layan langgan resto 6 baca buku harry potter 7 nonton film
"bapak aku gabisa work from home. semoga allah selalu melindungi bapak, selalu diberi sehat, aamiin","bapak aku gabisa work from home. semoga allah selalu melindungi bapak, selalu diberi sehat, aamiin",gabisa work from home allah lindung sehat aamiin
"work from home
iya kerjanya emng di rumah tapi cari bahan buat yg dikerjain gk bisa pake ekspedisi, pasti tambah mahal, nanti output nya tambah mahal, customer agak kecewa
dilema sih ini","work from home
iya kerjanya emng di rumah tapi cari bahan buat yg dikerjain gk bisa pake ekspedisi, pasti tambah mahal, nanti output nya tambah mahal, customer agak kecewa
dilema sih ini",work from home iya kerja emng rumah cari bahan dikerjain gk pake ekspedisi mahal output mahal customer kecewa dilema
ninuninuninuuu saatnya work from home dong bos https://t.co/egfjfx4yw2,ninuninuninuuu saatnya work from home dong bos,ninuninuninuuu work from home bos
selamat pagi. yang work from home tu semoga korang semua diberi kekuatan dan semangat utk terus menunaikan tanggung,selamat pagi. yang work from home tu semoga korang semua diberi kekuatan dan semangat utk terus menunaikan tanggung,selamat pagi work from home korang kuat semangat tunai tanggung
"work from home dan study at home. jam segini anak #1 kuliah online yang dimulai pukul 21, di malam minggu. gini katanya sampai akhir semester. pak dos tega banget.","work from home dan study at home. jam segini anak #1 kuliah online yang dimulai pukul 21, di malam minggu. gini katanya sampai akhir semester. pak dos tega banget.",work from home study at home jam gin anak 1 kuliah online 21 malam minggu gin semester dos tega
"jalanan jakarta jg udah sepi banget tadi tu, berasa kayak lebaran kata abangnya.. ga macet karena udah banyak yg ga keluar rumah n work from home.","jalanan jakarta jg udah sepi banget tadi tu, berasa kayak lebaran kata abangnya.. ga macet karena udah banyak yg ga keluar rumah n work from home.",jalan jakarta jg sepi asa lebaran abang macet rumah n work from home
"work from home ini bener2 bikin kita jadi ngeliatin social mediaaaaaaa muluk. parno, banyak nyerap berita, dan panik hufty","work from home ini bener2 bikin kita jadi ngeliatin social mediaaaaaaa muluk. parno, banyak nyerap berita, dan panik hufty",work from home bener2 bikin ngeliatin social mediaaaaaaa muluk parno nyerap berita panik hufty
orang pada takut virus apa cuma ngarep work from home ya?,orang pada takut virus apa cuma ngarep work from home ya?,orang takut virus ngarep work from home
"kalian yang work from home jangan ngeluh bosen di rumah terus. di luar sana masih ada yang ga bisa wfh dan harus mau ga mau ke tempat kerjanya.
-curhatan para nakes","kalian yang work from home jangan ngeluh bosen di rumah terus. di luar sana masih ada yang ga bisa wfh dan harus mau ga mau ke tempat kerjanya.
-curhatan para nakes",work from home ngeluh bosen rumah wfh kerja -curhatan nakes
calon-calon mulai work from home nih hari senin. di group kantor udah rame dan panik ğŸ˜°,calon-calon mulai work from home nih hari senin. di group kantor udah rame dan panik ğŸ˜°,calon work from home senin group kantor rame panik
"tadi pagi ngilu ka pasar nganteur pamajikan, ngeriÂ² ngilu iyey, tapi demi setok dahareun dan seblakeun ku rela.. selain sieun ku corona work from home ternyata menyebabkan panas jero huft ğŸ˜”","tadi pagi ngilu ka pasar nganteur pamajikan, ngeriÂ² ngilu iyey, tapi demi setok dahareun dan seblakeun ku rela.. selain sieun ku corona work from home ternyata menyebabkan panas jero huft ğŸ˜”",pagi ngilu ka pasar nganteur pamajikan ngeri ngilu iyey tok dahareun seblakeun ku rela sieun ku corona work from home nyata panas jero huft
"twitter please do your magic

kita tau kan sekarang corona makin meluas apalagi di wilayah jakarta. himbauan untuk wfh (work from home) udah disebarkan. tapi, gak semua bisa wfh. ada #pahlawancorona yang tetap mencari nafkah, keluar rumah, memenuhi kebutuhan bahan pangan....","twitter please do your magic

kita tau kan sekarang corona makin meluas apalagi di wilayah jakarta. himbauan untuk wfh (work from home) udah disebarkan. tapi, gak semua bisa wfh. ada #pahlawancorona yang tetap mencari nafkah, keluar rumah, memenuhi kebutuhan bahan pangan....",twitter please do your magic tau corona luas wilayah jakarta himbauan wfh work from home sebar wfh pahlawancorona cari nafkah rumah penuh butuh bahan pangan
@wthanif_ yelah encik hahaha kau pun ke ke work from home with wife. eh,yelah encik hahaha kau pun ke ke work from home with wife. eh,yelah encik hahaha kau work from home with wife eh
"bersyukurlah kalian yg bisa work from home. banyak yg gabisa wfh, seperti tenaga medis, pemasok makanan, pln, termasuk juga suami saya ğŸ˜© so, please kalau emang dihimbau di rumah ya stay di rumah. jd kaum rebahan aja buat sementara.","bersyukurlah kalian yg bisa work from home. banyak yg gabisa wfh, seperti tenaga medis, pemasok makanan, pln, termasuk juga suami saya ğŸ˜© so, please kalau emang dihimbau di rumah ya stay di rumah. jd kaum rebahan aja buat sementara.",syukur work from home gabisa wfh tenaga medis pasok makan pln masuk suami so please emang dihimbau rumah stay rumah jd kaum rebah
"work from home. baru mau mulai work, udah dirusuhin genduk. 
pas genduk udah bbok, mamanya ikut ngantuk. aku kapan work nya :(( 
deadline minggu malam ğŸ¥ºğŸ¥º","work from home. baru mau mulai work, udah dirusuhin genduk. pas genduk udah bbok, mamanya ikut ngantuk. aku kapan work nya :(( deadline minggu malam ğŸ¥ºğŸ¥º",work from home work dirusuhin genduk pas genduk bbok mama ngantuk work deadline minggu malam
"@hrdbacot kalo ditempat saya, bukan disuruh work from home, malah dibuat program honda buy from home min, alhasil ga ada alasan untuk ga kerja dan ga target https://t.co/2epijdwyoh","kalo ditempat saya, bukan disuruh work from home, malah dibuat program honda buy from home min, alhasil ga ada alasan untuk ga kerja dan ga target",suruh work from home program honda buy from home min alhasil alas kerja target
"sebagai anak yg orangtuanya kerja di rumah sakit tentu sangat khawatir dgn keadaan seperti ini
tak terkecuali buat gue.
ibu gue seorang koki di salah satu rs di jkt dan sampai saat ini she does'nt work from home, why? karna pekerjaannya memang tidak bisa dikerjakan di rumah :(","sebagai anak yg orangtuanya kerja di rumah sakit tentu sangat khawatir dgn keadaan seperti ini
tak terkecuali buat gue.
ibu gue seorang koki di salah satu rs di jkt dan sampai saat ini she does'nt work from home, why? karna pekerjaannya memang tidak bisa dikerjakan di rumah :(",anak orangtuanya kerja rumah sakit khawatir kecuali orang koki salah rs jkt she does nt work from home why karna kerja kerja rumah
@norma_qr manusia red zone yg mulai panik insecure tiap mau keluar. tapi gabisa work from home atau di rumah aja macam rangorang so sad huhuhu *numpangcurhat,manusia red zone yg mulai panik insecure tiap mau keluar. tapi gabisa work from home atau di rumah aja macam rangorang so sad huhuhu *numpangcurhat,manusia red zone panik insecure gabisa work from home rumah rangorang so sad huhuhu numpangcurhat
apalagi sampai hari ini kantor juga belum menyatakan work from home.,apalagi sampai hari ini kantor juga belum menyatakan work from home.,kantor nyata work from home
"pagi melayan si hero... dia da tido baru work from home bermula...

ditemani toys.. ahha https://t.co/ld5sr1mlqd","pagi melayan si hero... dia da tido baru work from home bermula...

ditemani toys.. ahha",pagi layan si hero da tido work from home tani toys ahha
bersyukur aja yg work from home. banyak banyak berdoa dan jgn lupa hidup sehat,bersyukur aja yg work from home. banyak banyak berdoa dan jgn lupa hidup sehat,syukur work from home doa jgn lupa hidup sehat
para pebalap formula 1 (f1) juga akan bekerja dari rumah alias work from home (wfh) seiring ditundanya beberapa seri. https://t.co/d3h7icis6n,para pebalap formula 1 (f1) juga akan bekerja dari rumah alias work from home (wfh) seiring ditundanya beberapa seri.,balap formula 1 f1 kerja rumah alias work from home wfh iring tunda seri
"@apip___ hehehe kan work from home, omah ku cilacap e","hehehe kan work from home, omah ku cilacap e",hehehe work from home omah ku cilacap e
"@ivanlanin sistem bekerja di rumah (work from home/wfh) demi meminimalisir dampak dan penyebaran virus corona. meski demikian tetap bisa bekerja secara efektif dengan komunikasi yang tepat bersama tim
#staystrongindonesia https://t.co/aotyexidi5","sistem bekerja di rumah (work from home/wfh) demi meminimalisir dampak dan penyebaran virus corona. meski demikian tetap bisa bekerja secara efektif dengan komunikasi yang tepat bersama tim
#staystrongindonesia",sistem kerja rumah work from home wfh meminimalisir dampak sebar virus corona kerja efektif komunikasi tim staystrongindonesia
"jeda panjang, para pebalap f1 juga akan ""work from home"" https://t.co/xjkfxvwu1d","jeda panjang, para pebalap f1 juga akan ""work from home""",jeda balap f1 work from home
"kemarin bapak &amp; ibuk dagang ke byl, rutinitas 2 atau 3 minggu sekali. trs tadi ibuk cerita, kalau kmrn dagangan cm laku 150rb, dan 100rbnya buat beli solar :"") work from home and still get ur salary is a previlege, so be grateful.","kemarin bapak &amp; ibuk dagang ke byl, rutinitas 2 atau 3 minggu sekali. trs tadi ibuk cerita, kalau kmrn dagangan cm laku 150rb, dan 100rbnya buat beli solar :"") work from home and still get ur salary is a previlege, so be grateful.",kemarin amp ibuk dagang byl rutinitas 2 3 minggu trs ibuk cerita kmrn dagang cm laku 150rb 100rbnya beli solar work from home and still get ur salary is a previlege so be grateful
sangkingnya cuma ngurusin kerjaan lupa kalo udah jam segini. work from home sesungguhnya,sangkingnya cuma ngurusin kerjaan lupa kalo udah jam segini. work from home sesungguhnya,sangkingnya ngurusin kerja lupa jam gin work from home sungguh
"@kah11hau11 sbb sabtu ahad hari tu mmg tak keluar rumah (kecuali pegi ambik adik &amp; beli groceries), lepas tu boss suruh work from home until further notice... pishangggggg","sbb sabtu ahad hari tu mmg tak keluar rumah (kecuali pegi ambik adik &amp; beli groceries), lepas tu boss suruh work from home until further notice... pishangggggg",sbb sabtu ahad mmg rumah kecuali pegi ambik adik amp beli groceries lepas boss suruh work from home until further notice pishangggggg
@nurunnawal tajuknya work from home. tp beg laptop pun tak bukak kekdahnya,tajuknya work from home. tp beg laptop pun tak bukak kekdahnya,tajuk work from home beg laptop bukak kekdahnya
akhirnya kantor memutuskan untuk work from home setelah warga deket kantor ada yang positif covid-19 :(,akhirnya kantor memutuskan untuk work from home setelah warga deket kantor ada yang positif covid-19 :(,kantor putus work from home warga kantor positif covid-19
heheheh akhirnya tugas kuliah yg work from home udh dong!!! mau sombong nih woi,heheheh akhirnya tugas kuliah yg work from home udh dong!!! mau sombong nih woi,heheheh tugas kuliah work from home udh sombong woi
w work from home soalnya bukan libur woy vicon muluğŸ˜­ mau tidur siang aja diterror telfon mulu,w work from home soalnya bukan libur woy vicon muluğŸ˜­ mau tidur siang aja diterror telfon mulu,w work from home libur woy vicon mulu tidur siang diterror telfon mulu
@acha_astecia kita kn gk kumpul kumpul onde kita kan hanya aku dan kamu kmu diduduk di ono ekeh di onoh wkwkw iya onde .. eeh libur nde apa work from home?,kita kn gk kumpul kumpul onde kita kan hanya aku dan kamu kmu diduduk di ono ekeh di onoh wkwkw iya onde .. eeh libur nde apa work from home?,kn gk kumpul kumpul onde kmu duduk ono ekeh onoh wkwkw iya onde eeh libur nde work from home
hadehhh ini sinyal work from home juga kek nya ğŸ˜¦,hadehhh ini sinyal work from home juga kek nya ğŸ˜¦,hadehhh sinyal work from home
"senin besok mulai work from home, lalu kepikiran aktif nulis blog lagi, jadi tadi ngecek blog yg udah ada.

aku ternyata punya blog isinya foto2 dong https://t.co/a7jbioppeh

zaman belum ada ig malah itu.","senin besok mulai work from home, lalu kepikiran aktif nulis blog lagi, jadi tadi ngecek blog yg udah ada.

aku ternyata punya blog isinya foto2 dong belum ada ig malah itu.",senin besok work from home pikir aktif nulis blog ngecek blog nyata blog isi foto2 ig
@ezatysyuk adui kerja lagi ke? xleh work from home? semoga dilindungi allah zaty and workmates.,adui kerja lagi ke? xleh work from home? semoga dilindungi allah zaty and workmates.,adu kerja xleh work from home lindung allah zaty and workmates
"@a13lee alhamdulillah, aq kena shift jumat ja minggu depan. sisanya work from home... ğŸ˜‚ğŸ¤£","alhamdulillah, aq kena shift jumat ja minggu depan. sisanya work from home... ğŸ˜‚ğŸ¤£",alhamdulillah aq kena shift jumat ja minggu sisa work from home
alhamdulillah bos terbuka hati membuat sistem pergiliran . work from home ğŸ˜£,alhamdulillah bos terbuka hati membuat sistem pergiliran . work from home ğŸ˜£,alhamdulillah bos buka hati sistem gilir work from home
"upwork langsung padat merayap gan. kerjaan apapun yang apply buanyak banget. efek work from home nih sepertinya.
india dan filipina di mana mana anjir. job price juga jadi jelek banget pada bidding terlalu murah.","upwork langsung padat merayap gan. kerjaan apapun yang apply buanyak banget. efek work from home nih sepertinya.
india dan filipina di mana mana anjir. job price juga jadi jelek banget pada bidding terlalu murah.",upwork langsung padat rayap gan kerja apply buanyak efek work from home india filipina anjir job price jelek bidding murah
"work from home diberlakukan mulai senin besok. saya gak bisa bayangin minimal 1 minggu kdpn cuma nongkrongin gadget dan drmh. iya berat, tp lebih berat jd garda depan. ğŸ’ªğŸ’ª","work from home diberlakukan mulai senin besok. saya gak bisa bayangin minimal 1 minggu kdpn cuma nongkrongin gadget dan drmh. iya berat, tp lebih berat jd garda depan. ğŸ’ªğŸ’ª",work from home laku senin besok bayangin minimal 1 minggu kdpn nongkrongin gadget drmh iya berat berat jd garda
"peluang usaha work from home sedang didengungkan, kini saat yang tepat work smart dengan bisnis digital. tertarik ? okay, silakan klik link ini untuk info lengkapnya: https://t.co/hmkukkwbh4 https://t.co/w6nnv2o9i7","peluang usaha work from home sedang didengungkan, kini saat yang tepat work smart dengan bisnis digital. tertarik ? okay, silakan klik link ini untuk info lengkapnya:",peluang usaha work from home dengung work smart bisnis digital tarik okay sila klik link info lengkap
"work from home ala negara inggris, pemerintahnya membayar pekerja 80 persen, ada wabah virus corona https://t.co/qxqgbehiy8 #england #inggris #corona #viruscorona #wabahcorona #pekerja #buruh #balikpapan #samarinda #kaltim #kalimantantimur #indonesia","work from home ala negara inggris, pemerintahnya membayar pekerja 80 persen, ada wabah virus corona #england #inggris #corona #viruscorona #wabahcorona #pekerja #buruh #balikpapan #samarinda #kaltim #kalimantantimur #indonesia",work from home ala negara inggris perintah bayar kerja 80 persen wabah virus corona england inggris corona viruscorona wabahcorona kerja buruh balikpapan samarinda kaltim kalimantantimur indonesia
kerja di retail pas work from home dan situasi yg begitu dinamis begini malah makin ketar-ketir. salah komunikasi ke operasional bisa repot,kerja di retail pas work from home dan situasi yg begitu dinamis begini malah makin ketar-ketir. salah komunikasi ke operasional bisa repot,kerja retail pas work from home situasi dinamis ketar-ketir salah komunikasi operasional repot
"@azkanandaa podo wae. work from home, neng office, neng lapang.. wayahe gajian yo tompo gaji.. wayahe loro yo loro..","podo wae. work from home, neng office, neng lapang.. wayahe gajian yo tompo gaji.. wayahe loro yo loro..",podo wae work from home neng office neng lapang wayahe gaji yo tompo gaji wayahe loro yo loro
"jadi inget live nya reza chandika tadi
banyak yg bilang stay at home, work from home, tapi gak semua bisa kerja kayak gitu, kalo gak kerja keluar ya gak bisa makan duit dari mane?","jadi inget live nya reza chandika tadi
banyak yg bilang stay at home, work from home, tapi gak semua bisa kerja kayak gitu, kalo gak kerja keluar ya gak bisa makan duit dari mane?",inget live reza chandika bilang stay at home work from home kerja gitu kerja makan duit mane
"@erdi_dika @yohanairma @efrianss_ yg dimaksud stay at home disini tu anak2 sekolah yg diliburkan, atau pekerja kantor yg emang bisa work from home. kalo emg kerjanya gabisa work from home juga orang2 ngerti kok namanya cari nafkah. gausah gas gasan lah, ini juga sendernya kan cuma ngingetin jangan ngeremehin","yg dimaksud stay at home disini tu anak2 sekolah yg diliburkan, atau pekerja kantor yg emang bisa work from home. kalo emg kerjanya gabisa work from home juga orang2 ngerti kok namanya cari nafkah. gausah gas gasan lah, ini juga sendernya kan cuma ngingetin jangan ngeremehin",maksud stay at home anak2 sekolah libur kerja kantor emang work from home emg kerja gabisa work from home orang2 ngerti nama cari nafkah gausah gas gas sender ngingetin ngeremehin
"orang lain dah seminggu work from home, kiteorang baru nak start. heheheh tenkiu boss ğŸ˜˜ğŸ˜˜","orang lain dah seminggu work from home, kiteorang baru nak start. heheheh tenkiu boss ğŸ˜˜ğŸ˜˜",orang minggu work from home kiteorang start heheheh tenkiu boss
annjjj @telkomsel sinyal ilang ilang merusak hype mabar mengganggu rutinitas work from home,annjjj sinyal ilang ilang merusak hype mabar mengganggu rutinitas work from home,annjjj sinyal ilang ilang rusak hype mabar ganggu rutinitas work from home
@paisusucoklat tidak akan ada wfh (work from home) wkwk,tidak akan ada wfh (work from home) wkwk,wfh work from home wkwk
"mbak tau gak, kenapa sekarang semua ornag dianjurkan buat dirumah? sampek sampek sekolah diliburkan, dan banyak orang work from home? yah biar otak kao semedi dirumah, gblk! https://t.co/2ozocgdhwa","mbak tau gak, kenapa sekarang semua ornag dianjurkan buat dirumah? sampek sampek sekolah diliburkan, dan banyak orang work from home? yah biar otak kao semedi dirumah, gblk!",mbak tau ornag anjur rumah sampek sampek sekolah libur orang work from home yah biar otak kao semedi rumah gblk
"@shmielyashmsul hahahahahahhahahahahahaha. 
ye doh. tambah lepas confirm kena work from home, dah macam cuti raya balik kg nya semua.","hahahahahahhahahahahahaha. ye doh. tambah lepas confirm kena work from home, dah macam cuti raya balik kg nya semua.",hahahahahahhahahahahahaha ye doh lepas confirm kena work from home cuti raya kg
"@erdi_dika @efrianss_ bukan masalah kepercayaan bro, disini keadaan yg memaksa buat stay at home or work from home. okay bener memang masih banyak orang yang kelaparan, tapi setidaknya untuk saat ini kita awas terhadap diri sendiri karena wabah ini. gak dosa kok beneran.","bukan masalah kepercayaan bro, disini keadaan yg memaksa buat stay at home or work from home. okay bener memang masih banyak orang yang kelaparan, tapi setidaknya untuk saat ini kita awas terhadap diri sendiri karena wabah ini. gak dosa kok beneran.",percaya paksa stay at home or work from home okay bener orang lapar awas hadap wabah dosa beneran
@an_alter aku no work from home ya. mana bis alab di boyong ke rumah,aku no work from home ya. mana bis alab di boyong ke rumah,no work from home bis alab boyong rumah
serius aku cakap work from home sangat susah!!,serius aku cakap work from home sangat susah!!,serius cakap work from home susah
work from home. surga bagi kaum rebahan sepertikuuuuu....,work from home. surga bagi kaum rebahan sepertikuuuuu....,work from home surga kaum rebah sepertikuuuuu
@adibbakarrudin okay work from home plus dota la keyword yg aku faham.,okay work from home plus dota la keyword yg aku faham.,okay work from home plus dota la keyword faham
@izzatiskandar_ yeee wehh org dah kasi work from home tu duk diam lah buat kerja nie duk update pasal covid 24/7. apooo,yeee wehh org dah kasi work from home tu duk diam lah buat kerja nie duk update pasal covid 24/7. apooo,yeee wehh org kasi work from home duk diam kerja nie duk update pasal covid 24 7 apooo
"work from home (wfh)? nikmati saja. ini ada beberapa ide biar tetap semangat.

#staystrongindonesia https://t.co/u0uqjgrxje","work from home (wfh)? nikmati saja. ini ada beberapa ide biar tetap semangat.

#staystrongindonesia",work from home wfh nikmat ide biar semangat staystrongindonesia
"@sukajajan hauhahahaha..

barusan aku siaran ngangkat itu, ttg kenaikan berat badan saat work from home.

bahaya yg mengancam selain corona adalah kolesterol dan gula.ğŸ¤­

sebagai pekerja media , susah utk aku bekerja di dalam rumah, terutama sbg penyiar.","hauhahahaha..

barusan aku siaran ngangkat itu, ttg kenaikan berat badan saat work from home.

bahaya yg mengancam selain corona adalah kolesterol dan gula.ğŸ¤­

sebagai pekerja media , susah utk aku bekerja di dalam rumah, terutama sbg penyiar.",hauhahahaha barusan siar ngangkat ttg berat badan work from home bahaya ancam corona kolesterol gula kerja media susah kerja rumah utama sbg siar
"aku harap company aku dah boleh bg aku work from home. aku takut hari2 pegi keje, naik grab pun rasa tak selamat. https://t.co/k9qdre5lok","aku harap company aku dah boleh bg aku work from home. aku takut hari2 pegi keje, naik grab pun rasa tak selamat.",harap company bg work from home takut hari2 pegi keje grab selamat
berkarya dengan work from home ğŸ˜ https://t.co/vwszb0pjbq,berkarya dengan work from home ğŸ˜,karya work from home
ngapain yachh enaknya drumağŸ¤” bukan libur woy tapi work from home.......ğŸ¤£ğŸ¤£,ngapain yachh enaknya drumağŸ¤” bukan libur woy tapi work from home.......ğŸ¤£ğŸ¤£,ngapain yachh enak druma libur woy work from home
"teruntuk orang"" yg masih pada diluar mengambil celah dari work from home dan sekolah diliburin dngn berwisata. tolong  sehabis korona ajah. kalo lu doang yg kena kaga ngapa, kalo yg laen kena kan ribet. anjing!","teruntuk orang"" yg masih pada diluar mengambil celah dari work from home dan sekolah diliburin dngn berwisata. tolong sehabis korona ajah. kalo lu doang yg kena kaga ngapa, kalo yg laen kena kan ribet. anjing!",orang ambil celah work from home sekolah diliburin dngn wisata tolong habis korona ajah lu doang kena kaga ngapa laen kena ribet anjing
@anna98451810 @coolidat1 resign... and work from home... balik jaga mak ayah lagi pekdah...,resign... and work from home... balik jaga mak ayah lagi pekdah...,resign and work from home jaga mak ayah pekdah
"bosss @aniesbaswedan , buatkan beginianlah di @dkijakarta 

sebar di bbrpa titik agar org2 yg tdk bisa work from home terdetiksi dini..

apa susahnya itu.. gak mahal koq bud.. apbd mu bejibun broo..

#lawancoronabersama https://t.co/6dzaurh8b3","bosss , buatkan beginianlah di sebar di bbrpa titik agar org2 yg tdk bisa work from home terdetiksi dini..

apa susahnya itu.. gak mahal koq bud.. apbd mu bejibun broo..

#lawancoronabersama",bosss sebar bbrpa titik org2 work from home terdetiksi susah mahal koq bud apbd mu bejibun broo lawancoronabersama
@frhanazawawi ada work from home jugak ke? aku consider cuti terus. contractor nak wfh menda kannn.,ada work from home jugak ke? aku consider cuti terus. contractor nak wfh menda kannn.,work from home jugak consider cuti contractor wfh menda kannn
"itu yang work from home. udah ngaku aja deh, pasti bos yang di rumah lebih musingin daripada bos yang di kantor kan? heuheu","itu yang work from home. udah ngaku aja deh, pasti bos yang di rumah lebih musingin daripada bos yang di kantor kan? heuheu",work from home ngaku deh bos rumah musingin bos kantor heuheu
"@ganjarpranowo sepertinya sdh perlu utk sosialisasi work from home buat wilayah semarang, solo, dan area jateng yg sdh ada kasus. dua minggu ini critical pak, jangan telat ngeredamnya kayak jkt.","sepertinya sdh perlu utk sosialisasi work from home buat wilayah semarang, solo, dan area jateng yg sdh ada kasus. dua minggu ini critical pak, jangan telat ngeredamnya kayak jkt.",sdh sosialisasi work from home wilayah semarang solo area jateng sdh minggu critical telat ngeredamnya jkt
"- whatsapp/dm teman-teman buat nanya kabar
- jawab kalo ditanya grup keluarga soal update korona
- bilang tolong dan makasih ke satpam yang gak bisa wfh (work from home)","- whatsapp/dm teman-teman buat nanya kabar
- jawab kalo ditanya grup keluarga soal update korona
- bilang tolong dan makasih ke satpam yang gak bisa wfh (work from home)",- whatsapp dm teman nanya kabar - grup keluarga update korona - bilang tolong makasih satpam wfh work from home
berharap work from home di perpanjang sampe lebaran ğŸ™,berharap work from home di perpanjang sampe lebaran ğŸ™,harap work from home sampe lebaran
"work from home, berat badan nambah, kelamaan jd duta go food karena sering pesen","work from home, berat badan nambah, kelamaan jd duta go food karena sering pesen",work from home berat badan nambah jd duta go food sen
"makanya buat kalian yg mahasiswa dekadek siswa siswi atau siapapun yg memang sudah ada intruksi work from home / libur kuliah / libur sekolah plis dirumah aja gausa di sengajain malah pake nongkrong, pergi main, liburan! bahkan ada yg keluar kota","makanya buat kalian yg mahasiswa dekadek siswa siswi atau siapapun yg memang sudah ada intruksi work from home / libur kuliah / libur sekolah plis dirumah aja gausa di sengajain malah pake nongkrong, pergi main, liburan! bahkan ada yg keluar kota",mahasiswa dekadek siswa siswi intruksi work from home libur kuliah libur sekolah rumah gausa sengajain pake nongkrong pergi main libur kota
@aniesbaswedan @dkijakarta @dinkesjkt @dishubdki_jkt @pt_transjakarta @mrtjakarta @lrtjkt @disdik_dki @disnaketransdki pak bagaimanakantor yang masih normal.tanpa ada work from home.tanpa ada pengaturan jadwal karyawan?,pak bagaimanakantor yang masih normal.tanpa ada work from home.tanpa ada pengaturan jadwal karyawan?,bagaimanakantor normal work from home atur jadwal karyawan
@shxxmby131 mon maap gue kaga work from home ka jdo harus banyak makan biar kuat wkwkwkwkw alesan aja anjir:(,mon maap gue kaga work from home ka jdo harus banyak makan biar kuat wkwkwkwkw alesan aja anjir:(,mon maap kaga work from home ka jdo makan biar kuat wkwkwkwkw alesan anjir
"akhirnya kelar juga masalah instal menginstal pc jadul. mulai dari ngundang servis komputer, beli kibod n tetikus baru, sampe instal driver tepelink. 
alhamdulillah... bisa work from home.... #halah #lebai :d","akhirnya kelar juga masalah instal menginstal pc jadul. mulai dari ngundang servis komputer, beli kibod n tetikus baru, sampe instal driver tepelink. alhamdulillah... bisa work from home.... #halah #lebai :d",kelar instal menginstal pc jadul ngundang servis komputer beli kibod n tetikus sampe instal driver tepelink alhamdulillah work from home halah lebai d
"viral wfh... work from home. aku disini juga wfh... work from heart. jaga hati melockdown diriku, hanya untukmu mas... â¤ #lovestory https://t.co/0c6ie0w6lb","viral wfh... work from home. aku disini juga wfh... work from heart. jaga hati melockdown diriku, hanya untukmu mas... â¤ #lovestory",viral wfh work from home wfh work from heart jaga hati melockdown mas lovestory
"malam minggu, social distancing, work from home, di rumah aja.

kok kober-kobere dirimu ngungak penggawean?
jomblo a pean? https://t.co/odey8bbwfh","malam minggu, social distancing, work from home, di rumah aja.

kok kober-kobere dirimu ngungak penggawean?
jomblo a pean?",malam minggu social distancing work from home rumah kober-kobere ngungak penggawean jomblo a pean
@wardaaahhhhh iya yg work from home wkwkwkwkkw,iya yg work from home wkwkwkwkkw,iya work from home wkwkwkwkkw
work from home ni bahaya la.semua kerja aku tak buat chill,work from home ni bahaya la.semua kerja aku tak buat chill,work from home bahaya la kerja chill
"semoga berguna guys. ga bisa ke kantor bukan berarti ga bisa kerja, kan? :) https://t.co/4kk6ua7fog","semoga berguna guys. ga bisa ke kantor bukan berarti ga bisa kerja, kan? :)",kantor arti kerja
"bukan type pekerjaan yg bisa work from home :( 

semoga kita senantiasa diberikan kesehatan yaaaaa #semangatgardaterdepan ğŸ’Ÿ https://t.co/l52jmy3pjk",bukan type pekerjaan yg bisa work from home :( semoga kita senantiasa diberikan kesehatan yaaaaa #semangatgardaterdepan ğŸ’Ÿ,type kerja work from home senantiasa sehat yaaaaa semangatgardaterdepan
bagiku yang bekerja di perusahaan yang bergerak dalam bidang jasa sangat paham apa yang dipikirkan pimpinan perusahaan-perusahaan ini sehingga ada beberapa yang belum memberikan kebijakan work from home bagi karyawannya hingga sekarang.,bagiku yang bekerja di perusahaan yang bergerak dalam bidang jasa sangat paham apa yang dipikirkan pimpinan perusahaan-perusahaan ini sehingga ada beberapa yang belum memberikan kebijakan work from home bagi karyawannya hingga sekarang.,kerja usaha gerak bidang jasa paham pikir pimpin usaha bijak work from home karyawannya
"wfh itu work from home artinya, boleh ga mandi, pake celana pendek, banyak nonton tv, terakhir sediakan banyak cemilan.","wfh itu work from home artinya, boleh ga mandi, pake celana pendek, banyak nonton tv, terakhir sediakan banyak cemilan.",wfh work from home arti mandi pake celana pendek nonton tv sedia cemilan
"@ivanlanin agar work from home lebih menyenangkan, bisa ikutin tips wfh ini mas ğŸ™ğŸ»â˜ºï¸

#staystrongindonesia https://t.co/kh3vfc6dea","agar work from home lebih menyenangkan, bisa ikutin tips wfh ini mas ğŸ™ğŸ»â˜ºï¸

#staystrongindonesia",work from home senang ikutin tips wfh mas staystrongindonesia
"tapi kami tetap bekerja seperti biasa, gak bisa work from home https://t.co/rahdqen1c8","tapi kami tetap bekerja seperti biasa, gak bisa work from home",kerja work from home
apa yang temen2 lakuin waktu karantina mandiri/work from home? #dirumahaja,apa yang temen2 lakuin waktu karantina mandiri/work from home? #dirumahaja,temen2 lakuin karantina mandiri work from home dirumahaja
"@chocolateessz bekerja, karna tidak bisa work from home ğŸ‘ŒğŸ»","bekerja, karna tidak bisa work from home ğŸ‘ŒğŸ»",kerja karna work from home
"@alandakariza takut aja, nda. pre-existing conditions-ku ada beberapa. work from home belum bisa full, takut aja ğŸ˜­ğŸ˜­","takut aja, nda. pre-existing conditions-ku ada beberapa. work from home belum bisa full, takut aja ğŸ˜­ğŸ˜­",takut nda pre-existing conditions-ku work from home full takut
"sempena musim covid-19 ni, semua sibuk work from home and buat conference call. kami agent takaful pun tak ketinggalan. prubsn hari ini mengambil langkah proaktif berikutan dengan situasi semasa bagi mengekangâ€¦ https://t.co/y0estigv6n","sempena musim covid-19 ni, semua sibuk work from home and buat conference call. kami agent takaful pun tak ketinggalan. prubsn hari ini mengambil langkah proaktif berikutan dengan situasi semasa bagi mengekangâ€¦",sempena musim covid-19 sibuk work from home and conference call agent takaful tinggal prubsn ambil langkah proaktif situasi ekang
kecoh. dah cakap work from home. kau pergi balik kampung. ingat cuti2 malaysia k ?,kecoh. dah cakap work from home. kau pergi balik kampung. ingat cuti2 malaysia k ?,kecoh cakap work from home kau pergi kampung cuti2 malaysia k
"dirumahkan bukan diliburkan.

jaga jarak bukan social distancing.

kerja dari rumah bukan work from home.

yuk gunakan bahasa yg langsung dipahami warga. karena bhs asing memerlukan penjelasan lagi. banyak sekali konten berjudul: apa itu social distancing?

#bersamalawancorona","dirumahkan bukan diliburkan.

jaga jarak bukan social distancing.

kerja dari rumah bukan work from home.

yuk gunakan bahasa yg langsung dipahami warga. karena bhs asing memerlukan penjelasan lagi. banyak sekali konten berjudul: apa itu social distancing?

#bersamalawancorona",rumah libur jaga jarak social distancing kerja rumah work from home bahasa langsung paham warga bhs asing konten judul social distancing bersamalawancorona
"disaat situasi gaswat corona begini ternyata ada pengusaha yang belum mematuhi work from home.

pekerja pada protes.

kasian pekerjanya. 
https://t.co/i2cepsv54y","disaat situasi gaswat corona begini ternyata ada pengusaha yang belum mematuhi work from home.

pekerja pada protes.

kasian pekerjanya.",situasi gaswat corona nyata usaha patuh work from home kerja protes kasi kerja
"((work from home)) ternyata ribet banget sumpah. punya laptop tapi keyboardnya penyakitan dan terpaksa hp dikorbanin buat input data, ngetik di wps, acc email laporan penutupan tempat wisata. beneran ngga dikasi kesempatan lama2 buka medsos. ditambah notif grup kantor jg jebolğŸ˜£","((work from home)) ternyata ribet banget sumpah. punya laptop tapi keyboardnya penyakitan dan terpaksa hp dikorbanin buat input data, ngetik di wps, acc email laporan penutupan tempat wisata. beneran ngga dikasi kesempatan lama2 buka medsos. ditambah notif grup kantor jg jebolğŸ˜£",work from home nyata ribet sumpah laptop keyboardnya sakit paksa hp dikorbanin input data ngetik wps acc email lapor tutup wisata beneran kasi lama2 buka medsos notif grup kantor jg jebol
"diskon 30%
promo solidaritas kerja atau belajar dari rumahâ €
â €
atas adanya kebijakan kerja dan belajar dari rumah (work from home) selama adanya wabah di bulan maret 2020 ini, bolasalju ingin ikut berpartisipasi dalam solidaritas kampanye di rumah saja. #efh https://t.co/ivneylfxvs","diskon 30%
promo solidaritas kerja atau belajar dari rumahâ €
â €
atas adanya kebijakan kerja dan belajar dari rumah (work from home) selama adanya wabah di bulan maret 2020 ini, bolasalju ingin ikut berpartisipasi dalam solidaritas kampanye di rumah saja. #efh",diskon 30 promo solidaritas kerja ajar rumah bijak kerja ajar rumah work from home wabah maret 2020 bolasalju partisipasi solidaritas kampanye rumah efh
"dengan adanya anjuran bekerja di rumah atau work from home seperti sekarang ini, maka anda harus dapat menyesuaikan suasana pekerjaan yang ruangnya sudah sangat berbeda. https://t.co/usyapm6jgv","dengan adanya anjuran bekerja di rumah atau work from home seperti sekarang ini, maka anda harus dapat menyesuaikan suasana pekerjaan yang ruangnya sudah sangat berbeda.",anjur kerja rumah work from home sesuai suasana kerja ruang beda
"ekspektasinya ni film bisa nemenin selama work from home. gataunya baru rilis 26 april ğŸ¤­

#thelastkingdom https://t.co/b3etrtitvw","ekspektasinya ni film bisa nemenin selama work from home. gataunya baru rilis 26 april ğŸ¤­

#thelastkingdom",ekspektasinya film nemenin work from home gataunya rilis 26 april thelastkingdom
"disuruh work from home
stay at home
dan social distancing
atuhlah gua jangan disuruh kerja mulu apa njing, gua juga takut sakit wey bgst","disuruh work from home
stay at home
dan social distancing
atuhlah gua jangan disuruh kerja mulu apa njing, gua juga takut sakit wey bgst",suruh work from home stay at home social distancing atuhlah suruh kerja mulu njing takut sakit wey bgst
@strasysty baik. tapi bagaimana mana kalau pekerja pabrik yg belum dapat work from home? ingin juga rasanya libur tapi perusahaan milih beberapa saja yg wfh selama 14hari,baik. tapi bagaimana mana kalau pekerja pabrik yg belum dapat work from home? ingin juga rasanya libur tapi perusahaan milih beberapa saja yg wfh selama 14hari,kerja pabrik work from home libur usaha milih wfh 14hari
"positive things pasal quarantine ni semua orang ada kat rumah, tengok movie sama sama, malam baca yaasin, kak long work from home je since dia pregnant tak ada lah nampak dia lesu je macam selalu, gaduh dengan kanak kanak riangâ›„ï¸","positive things pasal quarantine ni semua orang ada kat rumah, tengok movie sama sama, malam baca yaasin, kak long work from home je since dia pregnant tak ada lah nampak dia lesu je macam selalu, gaduh dengan kanak kanak riangâ›„ï¸",positive things pasal quarantine orang kat rumah tengok movie malam baca yaasin kak long work from home je since pregnant nampak lesu je gaduh kanak kanak riang
bosomu keminter tapi koyok work from home alias ramashoookkkk !!!,bosomu keminter tapi koyok work from home alias ramashoookkkk !!!,bosomu keminter koyok work from home alias ramashoookkkk
"@m_adibabdullah work from home dah, tapi aku pun bukan ada kerja sangat. meeting dkt skype je la.","work from home dah, tapi aku pun bukan ada kerja sangat. meeting dkt skype je la.",work from home kerja meeting skype je la
"i had to admit , lagi penat work from home , sebab kau nak deliver tapi banyak distraction. then masuk meeting lagi , meeting plak msg tak boleh nak convey msg clear sbb tak face to face jd duration patut 30 min drag jd sejam stgh. haih...","i had to admit , lagi penat work from home , sebab kau nak deliver tapi banyak distraction. then masuk meeting lagi , meeting plak msg tak boleh nak convey msg clear sbb tak face to face jd duration patut 30 min drag jd sejam stgh. haih...",i had to admit penat work from home kau deliver distraction then masuk meeting meeting plak msg convey msg clear sbb face to face jd duration patut 30 min drag jd jam stgh haih
"nama pun work from home, buat lah kerja. bezanya kerja kat rumah. kau gasak rest at home, lepas tu kerja menimbun.","nama pun work from home, buat lah kerja. bezanya kerja kat rumah. kau gasak rest at home, lepas tu kerja menimbun.",nama work from home kerja bezanya kerja kat rumah kau gasak rest at home lepas kerja timbun
@detikcom @detikhot lah kenapa emang justru bagus dong social distanc gini work from home berkembang biak terusğŸ˜,lah kenapa emang justru bagus dong social distanc gini work from home berkembang biak terusğŸ˜,emang bagus social distanc gin work from home kembang biak
"@indraopletz positif thinking plet. mungkin dia kerja work from home, cuman jaga lilin biar nyala terus","positif thinking plet. mungkin dia kerja work from home, cuman jaga lilin biar nyala terus",positif thinking plet kerja work from home cuman jaga lilin biar nyala
@dimasfatahilla work from home ess sesuai anjuran pmerintah,work from home ess sesuai anjuran pmerintah,work from home ess sesuai anjur pmerintah
masih menanti kabar lumajang work from home,masih menanti kabar lumajang work from home,kabar lumajang work from home
@adilahhusni wehh sma nak gak sbb nk work from home ğŸ˜”,wehh sma nak gak sbb nk work from home ğŸ˜”,wehh sma sbb nk work from home
"badan mulai ga enak setelah semingguan nyiapin infrastructures buat orang2 work from home, awas yee lu pada disuruh wfh malah ngacir ke emol!!!","badan mulai ga enak setelah semingguan nyiapin infrastructures buat orang2 work from home, awas yee lu pada disuruh wfh malah ngacir ke emol!!!",badan enak minggu nyiapin infrastructures orang2 work from home awas yee lu suruh wfh ngacir emol
"@bintik_ kamu seharian work from home alias beberes rumah ya, sampe ngga ngetwit gitu pdhl ini malem minggu. cry","kamu seharian work from home alias beberes rumah ya, sampe ngga ngetwit gitu pdhl ini malem minggu. cry",work from home alias beberes rumah sampe ngetwit gitu pdhl malem minggu cry
"@sxch_ @azfarsyhmi @ainisaac @yayaysf23 @ameermirzameer @kkmputrajaya @jpenerangan kitaorg gilir2 jugak ni work from home but me as leader dept banyak nak kena buat, nak tak nak hari hari turun office ğŸ˜­ nak nanesss takut tapi apakan daya demi rakyat malaysia jugak ğŸ˜”","kitaorg gilir2 jugak ni work from home but me as leader dept banyak nak kena buat, nak tak nak hari hari turun office ğŸ˜­ nak nanesss takut tapi apakan daya demi rakyat malaysia jugak ğŸ˜”",kitaorg gilir2 jugak work from home but me as leader dept kena turun office nanesss takut daya rakyat malaysia jugak
jadi secara teknis bisa dibilang kita itu antara work from home atau sleep at the office ğŸ˜. karena tempat kerja kita hanya terpisah 1 lantai aja. kalo ngerjain kerjaan kantor kita gak kemana2 kecuali tugas keluar kantor.,jadi secara teknis bisa dibilang kita itu antara work from home atau sleep at the office ğŸ˜. karena tempat kerja kita hanya terpisah 1 lantai aja. kalo ngerjain kerjaan kantor kita gak kemana2 kecuali tugas keluar kantor.,teknis bilang work from home sleep at the office kerja pisah 1 lantai ngerjain kerja kantor kemana2 kecuali tugas kantor
"ooooh ya, jadi inget. sebetulnya brapa taun lalu juga pernah ngalamin situasi kerja semacam work from home gitu. jadi dulu sempet kerja di salah satu bumn penempatan di kalimantan timur.","ooooh ya, jadi inget. sebetulnya brapa taun lalu juga pernah ngalamin situasi kerja semacam work from home gitu. jadi dulu sempet kerja di salah satu bumn penempatan di kalimantan timur.",ooooh inget brapa taun ngalamin situasi kerja work from home gitu sempet kerja salah bumn kalimantan timur
case kat penang dah potong case kat kedah. makin takut nak pi keja ni nti ğŸ˜“ğŸ˜“ isnin ngn slasa ja kena pi keja. then bru lah work from home. aduhhh,case kat penang dah potong case kat kedah. makin takut nak pi keja ni nti ğŸ˜“ğŸ˜“ isnin ngn slasa ja kena pi keja. then bru lah work from home. aduhhh,case kat nang potong case kat kedah takut pi keja nti isnin ngn slasa ja kena pi keja then bru work from home aduhhh
