text_asli,removed_noise,removed_alay,removed_stopwords,label
"@kuis_viral 
alhamdulillah ya sebagai ibu kota jakarta langitnya udah biru, udara bersih, bebas polusi. nah dalam rangka new normal harus tetap jaga lingkungan agar udara tetap sehatâ£ğŸ˜‡Â #langitbarujakarta","alhamdulillah ya sebagai ibu kota jakarta langitnya udah biru, udara bersih, bebas polusi. nah dalam rangka harus tetap jaga lingkungan agar udara tetap sehatâ£ğŸ˜‡Â #langitbarujakarta","alhamdulillah ya sebagai ibu kota jakarta langitnya sudah biru, udara bersih, bebas polusi. nah dalam rangka harus tetap jaga lingkungan agar udara tetap sehatâ£ğŸ˜‡Â #langitbarujakarta","alhamdulillah kota jakarta langitnya biru , udara bersih , bebas polusi . rangka jaga lingkungan udara sehat â£ ğŸ˜‡    #langitbarujakarta",positif
"bocil dah pada sekolah ya hari ini?
daerah kalen dah new normal ga si","bocil dah pada sekolah ya hari ini?
daerah kalen dah ga si","bocil deh pada sekolah ya hari ini?
daerah kalen deh enggak sih","bocil deh sekolah ? 
 daerah kalen deh",netral
apakah ktp baru termasuk new normal?,apakah ktp baru termasuk normal?,apakah ktp baru termasuk normal?,ktp ?,netral
peratutan belum new normal udah begini apalagi new normal ğŸ˜­ https://t.co/rawgip4xgl,peratutan belum udah begini apalagi ğŸ˜­,peratutan belum sudah begini apalagi ğŸ˜­,peratutan ğŸ˜­,netral
"cepet normal lah, tp dudu new normal https://t.co/fsbzcy4zly","cepet lah, tp dudu","cepat lah, tapi dudu","cepat , dudu",netral
korsel baru 1 hari menerapkan new normal langsung gagal ! https://t.co/ruhpyfuobl,korsel baru 1 hari menerapkan langsung gagal !,korsel baru 1 hari menerapkan langsung gagal !,korsel 1 menerapkan langsung gagal !,negatif
ini new normal udah jalan belum sik,ini udah jalan belum sik,ini sudah jalan belum sik,jalan sik,netral
terapkan new normal dari diri sendri dulu aja ğŸ˜Š,terapkan dari diri sendri dulu aja ğŸ˜Š,terapkan dari diri sendiri dulu saja ğŸ˜Š,terapkan ğŸ˜Š,positif
"jakartans... 

sudah 4 bulan ya kira-kira, kita berjuang menghadapi pandemi. 

sekarang kabar kamu gimana? apakah masih merasa insecure atau takut? atau sudah biasa aja, dan bersiap untuk menjalani kehidupan ""new normal""? 

share dong sini di #sarapanseru https://t.co/lcftlzaf6p","jakartans... sudah 4 bulan ya kira-kira, kita berjuang menghadapi pandemi. sekarang kabar kamu gimana? apakah masih merasa insecure atau takut? atau sudah biasa aja, dan bersiap untuk menjalani kehidupan ""new normal""? share dong sini di #sarapanseru","jakartans... sudah 4 bulan ya kira-kira, kita berjuang menghadapi pandemi. sekarang kabar kamu gimana? apakah masih merasa insecure atau takut? atau sudah biasa aja, dan bersiap untuk menjalani kehidupan ""new normal""? share dong sini di #sarapanseru","jakartans ... 4 , berjuang menghadapi pandemi . kabar gimana ? insecure takut ? , menjalani kehidupan "" "" ? share #sarapanseru",netral
"setelah sekian lama dianter2 terus, mulai hari ini harus bisa mandiri ğŸ˜ welkam to ""the new normal"" ğŸ¤­","setelah sekian lama dianter2 terus, mulai hari ini harus bisa mandiri ğŸ˜ welkam to ""the normal"" ğŸ¤­","setelah sekian lama dianter2 terus, mulai hari ini harus bisa mandiri ğŸ˜ welkam tapi ""the normal"" ğŸ¤­","sekian dianter2 , mandiri ğŸ˜ welkam "" the "" ğŸ¤­",positif
"new normal 2020 ğŸ˜·
#2020 #newnormal #bandungstory #bandung #indonesia #psbb #lockdown #instagood #picoftheday #canon #lightroom #coronavirus @ asia afrika bandung https://t.co/nevsbyrybv","2020 ğŸ˜·
#2020 #newnormal #bandungstory #bandung #indonesia #psbb #lockdown #instagood #picoftheday #canon #lightroom #coronavirus asia afrika bandung","2020 ğŸ˜·
#2020 #newnormal #bandungstory #bandung #indonesia #psbb #lockdown #instagood #picoftheday #canon #lightroom #coronavirus asia afrika bandung","2020 ğŸ˜· 
 #2020 #newnormal #bandungstory #bandung #indonesia #psbb #lockdown #instagood #picoftheday #canon #lightroom #coronavirus asia afrika bandung",netral
@softsoftchan beneran new normal nih kek nya,beneran nih kek nya,benaran nih kayak nya,benaran,netral
"pandemi covid tak akan pernah usai sebelum vaksin dan drug of choicenya ditemukan. ""new normal"" adalah satu upaya untuk memperbaiki situasi ekonomi yg menurut saya, secara logika, dapat memperbesar resiko penularan covid. so..jalani dgn mematuhi protokol yg ada dan...berdoa..","pandemi covid tak akan pernah usai sebelum vaksin dan drug of choicenya ditemukan. ""new normal"" adalah satu upaya untuk memperbaiki situasi ekonomi yg menurut saya, secara logika, dapat memperbesar resiko penularan covid. so..jalani dgn mematuhi protokol yg ada dan...berdoa..","pandemi covid tak akan pernah usai sebelum vaksin dan drug of choicenya ditemukan. ""new normal"" adalah satu upaya untuk memperbaiki situasi ekonomi yang menurut saya, secara logika, dapat memperbesar resiko penularan covid. so..jalani dengan mematuhi protokol yang ada dan...berdoa..","pandemi covid vaksin drug of choicenya ditemukan . "" "" upaya memperbaiki situasi ekonomi , logika , memperbesar resiko penularan covid . so .. jalani mematuhi protokol ... berdoa ..",positif
pemerintah waktu diskusiin rencana new normal ini apa nggak masukin surabaya dalam pertimbangannya ya? tolong. surabaya ga lagi merah loh tapi sudah hitam,pemerintah waktu diskusiin rencana ini apa nggak masukin surabaya dalam pertimbangannya ya? tolong. surabaya ga lagi merah loh tapi sudah hitam,pemerintah waktu diskusiin rencana ini apa enggak memasuki surabaya dalam pertimbangannya ya? tolong. surabaya enggak lagi merah loh tapi sudah hitam,pemerintah diskusiin rencana memasuki surabaya pertimbangannya ? tolong . surabaya merah loh hitam,negatif
"inilah new normal yang tidak normal...alias abnormal!
hidup bermaksiat itu tidak normal bagi umat islam. 

#indonesiaabnormal
#newnormaldalamkehidupanislam

https://t.co/dxhvhopurh","inilah yang tidak normal...alias abnormal!
hidup bermaksiat itu tidak bagi umat islam.","inilah yang tidak normal...alias abnormal!
hidup bermaksiat itu tidak bagi umat islam.","... alias abnormal ! 
 hidup bermaksiat umat islam .",negatif
"@alvinlie21 pak banyak temen yang udah pulkam sebelum psbb disuruh balik ke jakarta utk persiapan bekerja kembali menyambut new normal, sementara pengurusan sikm hampir semua di tolak oleh dki via online. 

gimana tuh ?","pak banyak temen yang udah pulkam sebelum psbb disuruh balik ke jakarta utk persiapan bekerja kembali menyambut normal, sementara pengurusan sikm hampir semua di tolak oleh dki via online. gimana tuh ?","pak banyak teman yang sudah pulkam sebelum psbb disuruh balik ke jakarta untuk persiapan bekerja kembali menyambut normal, sementara pengurusan sikm hampir semua di tolak oleh dki via online. bagaimana tuh ?","teman pulkam psbb disuruh jakarta persiapan menyambut , pengurusan sikm tolak dki via online . ?",negatif
antara malu dan mangkel..tapi banyak pengen ketawa nya..suasana pagi era new normal di stasiun bogor seperti kehidupan gembala dan ratusan kambingnya..giring sana sini..lol ğŸ˜ª https://t.co/folnm6mofj,antara malu dan mangkel..tapi banyak pengen ketawa nya..suasana pagi era di stasiun bogor seperti kehidupan gembala dan ratusan kambingnya..giring sana sini..lol ğŸ˜ª,antara malu dan mangkel..tapi banyak pengin ketawa nya..suasana pagi era di stasiun bogor seperti kehidupan gembala dan ratusan kambingnya..giring sana sini..lol ğŸ˜ª,malu mangkel .. pengin ketawa .. suasana pagi era stasiun bogor kehidupan gembala ratusan kambingnya .. giring .. lol ğŸ˜ª,negatif
"status sudah zona hijau, kalideres bersiap sambut new normal https://t.co/w5hra5pyyt","status sudah zona hijau, kalideres bersiap sambut","status sudah zona hijau, kalideres bersiap sambut","status zona hijau , kalideres sambut",positif
@rkwulandr mencoba new normal,mencoba,mencoba,mencoba,netral
"lagu  corona
            dan new normal  
( normalisasi kehidupan )
hasil kajian komprehensiv dari psbb.

hindari keramaian,jaga jarak, pake masker, cuci tangan,sholat di rumah aja
taati lah protokol kesehatan new normal / normalisasi kehidupan .

https://t.co/hwhpcyhtfd https://t.co/zr5ev8otby","lagu corona dan ( normalisasi kehidupan )
hasil kajian komprehensiv dari psbb.

hindari keramaian,jaga jarak, pake masker, cuci tangan,sholat di rumah aja
taati lah protokol kesehatan / normalisasi kehidupan","lagu corona dan ( normalisasi kehidupan )
hasil kajian komprehensiv dari psbb.

hindari keramaian,jaga jarak, pakai masker, cuci tangan,sholat di rumah aja
taati lah protokol kesehatan / normalisasi kehidupan","lagu corona ( normalisasi kehidupan ) 
 hasil kajian komprehensiv psbb . 

 hindari keramaian , jaga jarak , pakai masker , cuci tangan , sholat rumah 
 taati protokol kesehatan / normalisasi kehidupan",positif
"@tjhinfar21 lagu  corona
            dan new normal  
( normalisasi kehidupan )
hasil kajian komprehensiv dari psbb.

hindari keramaian,jaga jarak, pake masker, cuci tangan,sholat di rumah aja
taati lah protokol kesehatan new normal / normalisasi kehidupan .

https://t.co/hwhpcyhtfd","lagu corona dan ( normalisasi kehidupan )
hasil kajian komprehensiv dari psbb.

hindari keramaian,jaga jarak, pake masker, cuci tangan,sholat di rumah aja
taati lah protokol kesehatan / normalisasi kehidupan","lagu corona dan ( normalisasi kehidupan )
hasil kajian komprehensiv dari psbb.

hindari keramaian,jaga jarak, pakai masker, cuci tangan,sholat di rumah aja
taati lah protokol kesehatan / normalisasi kehidupan","lagu corona ( normalisasi kehidupan ) 
 hasil kajian komprehensiv psbb . 

 hindari keramaian , jaga jarak , pakai masker , cuci tangan , sholat rumah 
 taati protokol kesehatan / normalisasi kehidupan",positif
"meski jumlah kasus covid-19 di kota bekasi belum stabil, rencananya pemkot bekasi akan mulai menerapkan new normal pada 4 juni 2020. https://t.co/tkajhdgcfh","meski jumlah kasus covid-19 di kota bekasi belum stabil, rencananya pemkot bekasi akan mulai menerapkan pada 4 juni 2020.","meski jumlah kasus covid-19 di kota bekasi belum stabil, rencananya pemkot bekasi akan mulai menerapkan pada 4 juni 2020.","covid - 19 kota bekasi stabil , rencananya pemkot bekasi menerapkan 4 juni 2020 .",netral
"yukk kerja lagi, dah siap new normal lagi","yukk kerja lagi, dah siap lagi","yuk kerja lagi, deh siap lagi","kerja , deh",netral
begini cara baru naik ojek online di era new normal jika boleh angkut penumpang https://t.co/qqxbavxdjo,begini cara baru naik ojek online di era jika boleh angkut penumpang,begini cara baru naik ojek online di era jika boleh angkut penumpang,ojek online era angkut penumpang,netral
astagfirullah tol macet bgt ğŸ˜« new normal nihh biasanya kan sepi wkwk gak semacet ini ğŸ™ƒ,astagfirullah tol macet bgt ğŸ˜« nihh biasanya kan sepi wkwk gak semacet ini ğŸ™ƒ,astagfirullah tol macet banget ğŸ˜« nih biasanya kan sepi wkwk enggak semacet ini ğŸ™ƒ,astagfirullah tol macet ğŸ˜« sepi wkwk semacet ğŸ™ƒ,negatif
@siskaeee_ofc bandung udh new normal nih sini laaah,bandung udh nih sini laaah,bandung sudah nih sini laaah,bandung laaah,netral
pagi new normal.. https://t.co/xecfp7uzgi,pagi normal..,pagi normal..,pagi ..,netral
"tiga strategy di masa sulit

kita hidup di era new normal. tentu kita membutuhkan kiat-kiat baru. bagaimana hal itu diterapkan? temukan jawabannya.

mari ikuti *inspirasi generasi*
selasa, 2 juni 2020 pukul 20.00â€¦ https://t.co/bxybsn71oj","tiga strategy di masa sulit

kita hidup di era normal. tentu kita membutuhkan kiat-kiat baru. bagaimana hal itu diterapkan? temukan jawabannya.

mari ikuti *inspirasi generasi*
selasa, 2 juni 2020 pukul 20.00â€¦","tiga strategy di masa sulit

kita hidup di era normal. tentu kita membutuhkan kiat-kiat baru. bagaimana hal itu diterapkan? temukan jawabannya.

mari ikuti *inspirasi generasi*
selasa, 2 juni 2020 pukul 20.00â€¦","strategy sulit 

 hidup era . membutuhkan kiat-kiat . diterapkan ? temukan jawabannya . 

 mari ikuti * inspirasi generasi * 
 selasa , 2 juni 2020 20.00 â€¦",netral
belum juga new normal udah rame aja https://t.co/dgbmqknqqd,belum juga udah rame aja,belum juga sudah rame saja,rame,negatif
"@radioelshinta @sumarih2 terlihat tertib sekali.. semua jaga jarak.. semua pakai masker.. sepertinya memang sudah layak untuk new normal..

kita songsong new normal..

ttd,
buzzerp","terlihat tertib sekali.. semua jaga jarak.. semua pakai masker.. sepertinya memang sudah layak untuk normal..

kita songsong normal..

ttd,
buzzerp","terlihat tertib sekali.. semua jaga jarak.. semua pakai masker.. sepertinya memang sudah layak untuk normal..

kita songsong normal..

ttd,
buzzerp","tertib .. jaga jarak .. pakai masker .. layak .. 

 songsong .. 

 ttd , 
 buzzerp",positif
siapa sih yang mulai narasi new normal = herd immunity = genosida?,siapa sih yang mulai narasi = herd immunity = genosida?,siapa sih yang mulai narasi = herd immunity = genosida?,narasi = herd immunity = genosida ?,netral
polsek majalaya polresta bandung bersama tni dan satpol pp berikan himbauan hadapi new normal https://t.co/xeoktgpbzg,polsek majalaya polresta bandung bersama tni dan satpol pp berikan himbauan hadapi,polsek majalaya polresta bandung bersama tni dan satpol pp berikan himbauan hadapi,polsek majalaya polresta bandung tni satpol pp himbauan hadapi,positif
selamat pagi saya akan terus berusaha untuk mencari jalan keluar menghadapi new yang tidak normal,selamat pagi saya akan terus berusaha untuk mencari jalan keluar menghadapi yang tidak,selamat pagi saya akan terus berusaha untuk mencari jalan keluar menghadapi yang tidak,selamat pagi berusaha mencari jalan menghadapi,negatif
"@lahrian_ ayoo semoga di new normal nanti bisa seperti ini jugaa âœ¨
#langitbarujakarta","ayoo semoga di nanti bisa seperti ini jugaa âœ¨
#langitbarujakarta","ayo semoga di nanti bisa seperti ini juga âœ¨
#langitbarujakarta","ayo semoga âœ¨ 
 #langitbarujakarta",positif
hari ini berasa hari senin gak sih. kok deg deg an ya menghadapi new normal ğŸ˜µ,hari ini berasa hari senin gak sih. kok deg deg an ya menghadapi ğŸ˜µ,hari ini berasa hari senin enggak sih. kok deg deg an ya menghadapi ğŸ˜µ,berasa senin . deg deg an menghadapi ğŸ˜µ,netral
"update global, india menuju nomor empat, lockdown masih lanjut ? tetap ikuti new normal, jaga jarak 2 meter, pakai masker, jgn kumpul2, jangan pegang2 muka, rajin cuci tangan pakai sabun ğŸ™ğŸ™ğŸ™ https://t.co/svfmtirsqg","update global, india menuju nomor empat, lockdown masih lanjut ? tetap ikuti normal, jaga jarak 2 meter, pakai masker, jgn kumpul2, jangan pegang2 muka, rajin cuci tangan pakai sabun ğŸ™ğŸ™ğŸ™","update global, india menuju nomor empat, lockdown masih lanjut ? tetap ikuti normal, jaga jarak 2 meter, pakai masker, jangan kumpul2, jangan pegang-pegang muka, rajin cuci tangan pakai sabun ğŸ™ğŸ™ğŸ™","update global , india nomor , lockdown ? ikuti , jaga jarak 2 meter , pakai masker , kumpul2 , pegang - pegang muka , rajin cuci tangan pakai sabun ğŸ™ ğŸ™ ğŸ™",positif
"ombudsman: 
penerapan new normal berisiko tinggi
 https://t.co/6zlsrjdh5v",ombudsman: penerapan berisiko tinggi,ombudsman: penerapan berisiko tinggi,ombudsman : penerapan berisiko,negatif
"@wordfangs @samsungid normally gue gambar-gambar cuman pakek media kertas biasa.

the new normal gue bisa gambar pakek format digital with #galaxytabs6lite so, lebih ramah lingkungan bisa edit cepat and mudah. like now, gue lagi gambar album musik.

from this                             to this https://t.co/z8dpxt6lqk","normally gue gambar-gambar cuman pakek media kertas biasa.

the gue bisa gambar pakek format digital with #galaxytabs6lite so, lebih ramah lingkungan bisa edit cepat and mudah. like now, gue lagi gambar album musik.

from this to this","normally gue gambar-gambar cuman pakai media kertas biasa.

the gue bisa gambar pakai format digital with #galaxytabs6lite so, lebih ramah lingkungan bisa edit cepat and mudah. like now, gue lagi gambar album musik.

from this tapi this","normally gambar-gambar cuman pakai media kertas . 

 the gambar pakai format digital with #galaxytabs6lite so , ramah lingkungan edit cepat and mudah . like now , gambar album musik . 

 from this this",positif
negara ini sudah menerapkan herd immunity dibungkus new normal...,negara ini sudah menerapkan herd immunity dibungkus normal...,negara ini sudah menerapkan herd immunity dibungkus normal...,negara menerapkan herd immunity dibungkus ...,netral
selamat 'new normal' ğŸ™†â€â™€ï¸,selamat 'new normal' ğŸ™†â€â™€ï¸,selamat 'new normal' ğŸ™†â€â™€ï¸,selamat ' ' ğŸ™† â€ â™€ ï¸,positif
"ok, siap2 ke kantor seperti biasa setelah sekian lama splitwork ahahaha kek nya ini pun suruh masuk semua karena mau bahas new normal, ahahahahaha good luck badan jompoku yg kebiasa goleran ğŸ‘‹","ok, siap2 ke kantor seperti biasa setelah sekian lama splitwork ahahaha kek nya ini pun suruh masuk semua karena mau bahas normal, ahahahahaha good luck badan jompoku yg kebiasa goleran ğŸ‘‹","ok, siap2 ke kantor seperti biasa setelah sekian lama splitwork ahahaha kayak nya ini pun suruh masuk semua karena mau bahas normal, ahahahahaha good luck badan jompoku yang kebiasa goleran ğŸ‘‹","ok , siap2 kantor sekian splitwork ahahaha suruh masuk bahas , ahahahahaha good luck badan jompoku kebiasa goleran ğŸ‘‹",positif
"@gombang bukany sumbar,sdah mau new normal?","bukany sumbar,sdah mau normal?","bukany sumbar,sdah mau normal?","bukany sumbar , sdah ?",netral
"@ryanalbertus lah mosok ""new normal"" sek unsum isolasi pek","lah mosok ""new normal"" sek unsum isolasi pek","lah mosok ""new normal"" sek unsum isolasi pek","mosok "" "" sek unsum isolasi pek",netral
"@wordfangs @samsungid normally gue gambar-gambar cuman pakek media kertas biasa.

the new normal gue bisa gambar pakek format digital with #galaxytabs6lite so, lebih ramah lingkungan bisa edit cepat and mudah. like now, gue lagi gambar album musik.

from this                             to this https://t.co/8vqzevsohf","normally gue gambar-gambar cuman pakek media kertas biasa.

the gue bisa gambar pakek format digital with #galaxytabs6lite so, lebih ramah lingkungan bisa edit cepat and mudah. like now, gue lagi gambar album musik.

from this to this","normally gue gambar-gambar cuman pakai media kertas biasa.

the gue bisa gambar pakai format digital with #galaxytabs6lite so, lebih ramah lingkungan bisa edit cepat and mudah. like now, gue lagi gambar album musik.

from this tapi this","normally gambar-gambar cuman pakai media kertas . 

 the gambar pakai format digital with #galaxytabs6lite so , ramah lingkungan edit cepat and mudah . like now , gambar album musik . 

 from this this",positif
tak sanggup menghadapi new normal ini guysğŸ™ƒ,tak sanggup menghadapi ini guysğŸ™ƒ,tak sanggup menghadapi ini guysğŸ™ƒ,sanggup menghadapi ğŸ™ƒ,negatif
pesan aa gym jelang new normal di kabupaten  kuningan https://t.co/i5d5vw5elr lewat @kuninganmass,pesan aa gym jelang di kabupaten kuningan lewat,pesan aa gym jelang di kabupaten kuningan lewat,pesan aa gym jelang kabupaten kuningan,netral
"â€¢ new normal / kehidupan baru â€¢
beraktifitas boleh tapi santun.
.
.
informasi service &amp; pemesanan mobil toyota sudah bisa dirumah aja :
m harisul ulum
auto 2000 tag
ğŸ“²
https://t.co/8knmnpo6dl
.
.
https://t.co/y2pgcafpvk
.
.
https://t.co/hxypa4x138
.
.
https://t.co/mo8nvct9zp https://t.co/gx4ekrx9eq","â€¢ / kehidupan baru â€¢
beraktifitas boleh tapi santun.
.
.
informasi service &amp; pemesanan mobil toyota sudah bisa dirumah aja :
m harisul ulum
auto 2000","â€¢ / kehidupan baru â€¢
beraktifitas boleh tapi santun.
.
.
informasi service &amp; pemesanan mobil toyota sudah bisa dirumah saja :
m harisul ulum
auto 2000","â€¢ / kehidupan â€¢ 
 beraktifitas santun . 
 . 
 . 
 informasi service & amp ; pemesanan mobil toyota dirumah : 
 m harisul ulum 
 auto 2000",positif
"kita persiapkan diri kita untuk menjalani masa
normal yang baru atau new normal
yaitu merubah perilaku kita untuk tetap menjalankan aktivitas normal sehari-hari dengan menerapkan
protokol kesehatan yang telahâ€¦ https://t.co/vgg2ca48dy","kita persiapkan diri kita untuk menjalani masa
normal yang baru atau normal
yaitu merubah perilaku kita untuk tetap menjalankan aktivitas sehari-hari dengan menerapkan
protokol kesehatan yang telahâ€¦","kita persiapkan diri kita untuk menjalani masa
normal yang baru atau normal
yaitu merubah perilaku kita untuk tetap menjalankan aktivitas sehari-hari dengan menerapkan
protokol kesehatan yang telahâ€¦","persiapkan menjalani 
 
 merubah perilaku menjalankan aktivitas sehari-hari menerapkan 
 protokol kesehatan â€¦",positif
new normal itu gmna?,itu gmna?,itu gmna?,gmna ?,netral
"menuju era new normal, sudah siapkah kita? - https://t.co/ezvwuj59se https://t.co/4y2aollppn","menuju era normal, sudah siapkah kita? -","menuju era normal, sudah siapkah kita? -","era , siapkah ? -",netral
"@ikaikraami lek ndk malang mek 2 minggu ka, moro wes new normal ae. lek sby koyoke hampir sebulanan. lha iyooo ndek jabodetabek wes 3 bulanan lhoo, sampek boseeen ğŸ˜ª","lek ndk malang mek 2 minggu ka, moro wes ae. lek sby koyoke hampir sebulanan. lha iyooo ndek jabodetabek wes 3 bulanan lhoo, sampek boseeen ğŸ˜ª","lek ndk malang mek 2 minggu ka, moro wes ae. lek surabaya koyoke hampir sebulanan. lah iyooo ndek jabodetabek wes 3 bulanan lhoo, sampai boseeen ğŸ˜ª","lek ndk malang mek 2 minggu ka , moro wes ae . lek surabaya koyoke sebulanan . iyooo ndek jabodetabek wes 3 bulanan lhoo , boseeen ğŸ˜ª",negatif
"new normal iku : ""mas sarapane wes siap, ndang maem terus kerjo""","iku : ""mas sarapane wes siap, ndang maem terus kerjo""","iku : ""mas sarapane wes siap, ndang maem terus kerjo""","iku : "" mas sarapane wes , ndang maem kerjo """,netral
masyarakat papua mesti bersiap jika kelak berlakunya new normal. #papuankriselamanya #papua opm https://t.co/knfjrao7bo,masyarakat papua mesti bersiap jika kelak berlakunya normal. #papuankriselamanya #papua opm,masyarakat papua mesti bersiap jika kelak berlakunya normal. #papuankriselamanya #papua opm,masyarakat papua mesti kelak berlakunya . #papuankriselamanya #papua opm,netral
"https://t.co/o7scinsyxx
covidnya masih naik terus mau new normal, ga ngerti akutu","masih naik terus mau normal, ga ngerti akutu","masih naik terus mau normal, enggak mengerti akutu",", mengerti akutu",negatif
"new normal, wujud kebijakan coba-coba - https://t.co/ezvwuj59se https://t.co/fgszwhz3pd","normal, wujud kebijakan coba-coba -","normal, wujud kebijakan coba-coba -",", wujud kebijakan coba-coba -",negatif
nanti kalo udah kuliah pake sistem new normal dan kalo duduk misah misah nyonteknya gimana dong?,nanti kalo udah kuliah pake sistem dan kalo duduk misah misah nyonteknya gimana dong?,nanti kalo sudah kuliah pakai sistem dan kalo duduk misah misah nyonteknya bagaimana dong?,kuliah pakai sistem duduk misah misah nyonteknya ?,negatif
06.38 #infosonora #inforaka dinas perindustrian dan perdagangan (disperindag) provinsi jawa barat memastikan 23 pengelola mal di kota bandung sudah mengajukan kesiapan menerapkan adaptasi kebiasaan baru (akb) agar bisa kembali beroperasi. https://t.co/rhtozzosya,06.38 #infosonora #inforaka dinas perindustrian dan perdagangan (disperindag) provinsi jawa barat memastikan 23 pengelola mal di kota bandung sudah mengajukan kesiapan menerapkan adaptasi kebiasaan baru (akb) agar bisa kembali beroperasi.,06.38 #infosonora #inforaka dinas perindustrian dan perdagangan (disperindag) provinsi jawa barat memastikan 23 pengelola mal di kota bandung sudah mengajukan kesiapan menerapkan adaptasi kebiasaan baru (akb) agar bisa kembali beroperasi.,06.38 #infosonora #inforaka dinas perindustrian perdagangan ( disperindag ) provinsi jawa barat 23 pengelola mal kota bandung mengajukan kesiapan menerapkan adaptasi kebiasaan ( akb ) beroperasi .,netral
masyarakat papua mesti bersiap jika kelak berlakunya new normal. #papuankriselamanya #papua opm https://t.co/scvmlnsq44,masyarakat papua mesti bersiap jika kelak berlakunya normal. #papuankriselamanya #papua opm,masyarakat papua mesti bersiap jika kelak berlakunya normal. #papuankriselamanya #papua opm,masyarakat papua mesti kelak berlakunya . #papuankriselamanya #papua opm,netral
#inforaka dinas perindustrian dan perdagangan (disperindag) provinsi jawa barat memastikan 23 pengelola mal di kota bandung sudah mengajukan kesiapan menerapkan adaptasi kebiasaan baru (akb) agar bisa kembali beroperasi. https://t.co/pibkm5dbko,#inforaka dinas perindustrian dan perdagangan (disperindag) provinsi jawa barat memastikan 23 pengelola mal di kota bandung sudah mengajukan kesiapan menerapkan adaptasi kebiasaan baru (akb) agar bisa kembali beroperasi.,#inforaka dinas perindustrian dan perdagangan (disperindag) provinsi jawa barat memastikan 23 pengelola mal di kota bandung sudah mengajukan kesiapan menerapkan adaptasi kebiasaan baru (akb) agar bisa kembali beroperasi.,#inforaka dinas perindustrian perdagangan ( disperindag ) provinsi jawa barat 23 pengelola mal kota bandung mengajukan kesiapan menerapkan adaptasi kebiasaan ( akb ) beroperasi .,netral
"ketua fraksi gabungan bangun papua dpr papua, agus kogoya, berharap masyarakat  mempersiapkan diri menjalani kehidupan normal baru atau new normal di tengah pademi covid-19 kini. #papuankriselamanya #papua opm https://t.co/b6vt0cclfj","ketua fraksi gabungan bangun papua dpr papua, agus kogoya, berharap masyarakat mempersiapkan diri menjalani kehidupan baru atau di tengah pademi covid-19 kini. #papuankriselamanya #papua opm","ketua fraksi gabungan bangun papua dpr papua, agus kogoya, berharap masyarakat mempersiapkan diri menjalani kehidupan baru atau di tengah pademi covid-19 kini. #papuankriselamanya #papua opm","ketua fraksi gabungan bangun papua dpr papua , agus kogoya , berharap masyarakat menjalani kehidupan pademi covid - 19 . #papuankriselamanya #papua opm",netral
new normal jugak .. ni baru betul2 ldr ğŸ˜¢ğŸ˜”ğŸ˜” .. https://t.co/8w1naibgsr,jugak .. ni baru betul2 ldr ğŸ˜¢ğŸ˜”ğŸ˜” ..,juga .. nih baru betul-betul ldr ğŸ˜¢ğŸ˜”ğŸ˜” ..,.. betul-betul ldr ğŸ˜¢ ğŸ˜” ğŸ˜” ..,negatif
@luvitamanoraa haha itu sudah menjadi resiko hidup di era new normal,haha itu sudah menjadi resiko hidup di era,haha itu sudah menjadi resiko hidup di era,haha resiko hidup era,netral
"selamat pagi kawan,, selamat beraktifitas,,, hari pertama kerja di masa new normal,,, tetap jaga jarak https://t.co/aksbtve0d6","selamat pagi kawan,, selamat beraktifitas,,, hari pertama kerja di masa normal,,, tetap jaga jarak","selamat pagi kawan,, selamat beraktifitas,,, hari pertama kerja di masa normal,,, tetap jaga jarak","selamat pagi kawan , , selamat beraktifitas , , , kerja , , , jaga jarak",positif
"ğŸ˜· 'new normal', namun penambahan pasien positif covid-19 di indonesia masih terus terjadi, termasuk di malang raya

*malang raya : kasus positif covid-19 di malang raya : (akumulatif) â¡ï¸ kota batu, 28 kasus | kota malang, 51 kasus | kab.malang, 85 kasus https://t.co/dgyyrwothi","ğŸ˜· 'new normal', namun penambahan pasien positif covid-19 di indonesia masih terus terjadi, termasuk di malang raya

*malang raya : kasus positif covid-19 di malang raya : (akumulatif) â¡ï¸ kota batu, 28 kasus | kota malang, 51 kasus | kab.malang, 85 kasus","ğŸ˜· 'new normal', namun penambahan pasien positif covid-19 di indonesia masih terus terjadi, termasuk di malang raya

*malang raya : kasus positif covid-19 di malang raya : (akumulatif) â¡ï¸ kota batu, 28 kasus | kota malang, 51 kasus | kab.malang, 85 kasus","ğŸ˜· ' ' , penambahan pasien positif covid - 19 indonesia , malang raya 

 * malang raya : positif covid - 19 malang raya : ( akumulatif ) â¡ ï¸ kota batu , 28 | kota malang , 51 | kab.malang , 85",negatif
"turu ku ws normal, ws oleh melu new normal brt iki","turu ku ws normal, ws oleh melu brt iki","turu ku ws normal, ws oleh melu brt iki","turu ku ws , ws melu brt iki",netral
pedoman who versus kondisi di indonesia untuk syarat new normal https://t.co/z5ihjgzgky,pedoman who versus kondisi di indonesia untuk syarat,pedoman who versus kondisi di indonesia untuk syarat,pedoman who versus kondisi indonesia syarat,netral
@debbyputris dan bisa aja terus gini saat new normal nanti :),dan bisa aja terus gini saat nanti :),dan bisa saja terus begini saat nanti :),:),netral
apabila jakarta memulai new normal maka @commuterline harus menambah rangkaian kereta jika tdk ingin terjadi penumpukan penumpang di gerbong dan di stasiun,apabila jakarta memulai maka harus menambah rangkaian kereta jika tdk ingin terjadi penumpukan penumpang di gerbong dan di stasiun,apabila jakarta memulai maka harus menambah rangkaian kereta jika tidak ingin terjadi penumpukan penumpang di gerbong dan di stasiun,jakarta menambah rangkaian kereta penumpukan penumpang gerbong stasiun,netral
enam syarat new normal menurut pakar epidemiologi https://t.co/o1fdhusgcn https://t.co/1obh9s2ajo,enam syarat menurut pakar epidemiologi,enam syarat menurut pakar epidemiologi,enam syarat pakar epidemiologi,netral
new normal itu ya tetap belum normal. makanya tetap pakai masker dan jaga jarak. klo tdk karena kebutuhan yang mendesak baiknya kerja dari rumah aja. pdp kurvanya terus meninggkat. sekarang totalnya sdh 27 rb. setiap hari yang terkena covid-19 dia atas 600-an orang. hati2 ya,itu ya tetap belum normal. makanya tetap pakai masker dan jaga jarak. klo tdk karena kebutuhan yang mendesak baiknya kerja dari rumah aja. pdp kurvanya terus meninggkat. sekarang totalnya sdh 27 rb. setiap hari yang terkena covid-19 dia atas 600-an orang. hati2 ya,itu ya tetap belum normal. makanya tetap pakai masker dan jaga jarak. kalo tidak karena kebutuhan yang mendesak baiknya kerja dari rumah aja. pdp kurvanya terus meninggkat. sekarang totalnya sudah 27 rb. setiap hari yang terkena covid-19 dia atas 600-an orang. hati-hati ya,. pakai masker jaga jarak . kebutuhan mendesak baiknya kerja rumah . pdp kurvanya meninggkat . totalnya 27 rb . terkena covid - 19 600 - an orang . hati-hati,negatif
ini kalau udh new normal w udh bs k dentist kah buat scalling atau ke dokter mata buat cek mata?,ini kalau udh w udh bs k dentist kah buat scalling atau ke dokter mata buat cek mata?,ini kalau sudah gue sudah bisa ke dentist kah buat scalling atau ke dokter mata buat cek mata?,dentist kah scalling dokter mata cek mata ?,netral
"kalo misalnya confirmed case nya malah sedikit naeknya, ya jelas. new normal ini bakalan terus dijalanin.","kalo misalnya confirmed case nya malah sedikit naeknya, ya jelas. ini bakalan terus dijalanin.","kalo misalnya confirmed case nya malah sedikit naeknya, ya jelas. ini bakalan terus dijalanin.","confirmed case naeknya , . dijalanin .",netral
"ini mah bukan new normal, tapi normal ğŸ˜‚","ini mah bukan normal, tapi ğŸ˜‚","ini mah bukan normal, tapi ğŸ˜‚",", ğŸ˜‚",positif
"miris, mau new normal gmna disuruh ngantri aja masih kaga tau garis physical distancing -- sureem","miris, mau gmna disuruh ngantri aja masih kaga tau garis physical distancing -- sureem","miris, mau bagaimana disuruh mengantri saja masih kagak tau garis physical distancing -- sureem","miris , disuruh mengantri tau garis physical distancing - - sureem",negatif
"kembali ke rutinitas, ready for new normal? ğŸ’ª","kembali ke rutinitas, ready for normal? ğŸ’ª","kembali ke rutinitas, ready for normal? ğŸ’ª","rutinitas , ready for ? ğŸ’ª",positif
"new normal, maksud kalian kehidupan dimana akan melihat huruf x di mana mana","normal, maksud kalian kehidupan dimana akan melihat huruf x di mana mana","normal, maksud kalian kehidupan dimana akan melihat huruf kali di mana mana",", maksud kehidupan dimana huruf kali",negatif
"kementerian pariwisata dan ekonomi kreatif (kemenparekraf) memastikan protokol kenormalan baru akan menjadi acuan para pelaku pariwisata dan ekonomi kreatif dalam menjalankan usahanya.
selengkapnya 
https://t.co/pukiq4cpb3","kementerian pariwisata dan ekonomi kreatif (kemenparekraf) memastikan protokol kenormalan baru akan menjadi acuan para pelaku pariwisata dan ekonomi kreatif dalam menjalankan usahanya.
selengkapnya","kementerian pariwisata dan ekonomi kreatif (kemenparekraf) memastikan protokol kenormalan baru akan menjadi acuan para pelaku pariwisata dan ekonomi kreatif dalam menjalankan usahanya.
selengkapnya","kementerian pariwisata ekonomi kreatif ( kemenparekraf ) protokol kenormalan acuan pelaku pariwisata ekonomi kreatif menjalankan usahanya . 
 selengkapnya",positif
"pemkab karanganyar belum mencabut status kejadian luar biasa (klb) dan tidak menerapkan new normal, namun warga sudah padati kawasan wisata
https://t.co/vj9afns04u","pemkab karanganyar belum mencabut status kejadian luar biasa (klb) dan tidak menerapkan normal, namun warga sudah padati kawasan","pemkab karanganyar belum mencabut status kejadian luar biasa (klb) dan tidak menerapkan normal, namun warga sudah padati kawasan","pemkab karanganyar mencabut status kejadian ( klb ) menerapkan , warga padati kawasan",netral
"@infomalang jane ii kesadaran masingÂ², jogo awak e dewe gawe keluargane masio new normal","jane ii kesadaran masingÂ², jogo awak e dewe gawe keluargane masio","jane ii kesadaran masingÂ², jogo awak e dewe gawe keluargane masih","jane ii kesadaran masingÂ² , jogo awak e dewe gawe keluargane",positif
"yuk perhatikan kesehatan keluarga kita, apalagi saat menghadapi new normal! bagi anda yang ingin tau tipsnya, staytune di 95.7 fm #stayfitforlife #stayhealthy #healthylifestyle #gayahidupsehat @ganjar_pranowo @hendrarprihadi @dinkesjateng_prov @dkksemarang @kemenkes_ri https://t.co/nyrkvzoosr","yuk perhatikan kesehatan keluarga kita, apalagi saat menghadapi normal! bagi anda yang ingin tau tipsnya, staytune di 95.7 fm #stayfitforlife #stayhealthy #healthylifestyle #gayahidupsehat","yuk perhatikan kesehatan keluarga kita, apalagi saat menghadapi normal! bagi anda yang ingin tau tipsnya, staytune di 95.7 fm #stayfitforlife #stayhealthy #healthylifestyle #gayahidupsehat","perhatikan kesehatan keluarga , menghadapi ! tau tipsnya , staytune 95.7 fm #stayfitforlife #stayhealthy #healthylifestyle #gayahidupsehat",positif
"kai dan pt commuter terlihat optimis dalam penerapan protokol kesehatan di masa new normal pada  commuterline. 

optimis yang utopis ğŸ™",kai dan pt commuter terlihat optimis dalam penerapan protokol kesehatan di masa pada commuterline. optimis yang utopis ğŸ™,kai dan pt commuter terlihat optimis dalam penerapan protokol kesehatan di masa pada commuterline. optimis yang utopis ğŸ™,kai pt commuter optimis penerapan protokol kesehatan commuterline . optimis utopis ğŸ™,positif
habis penelitian terbitlah bikin paper (dlu) new normal ver. aku 4/5 bln brs pnelitian baru dibikin paper wkwk,habis penelitian terbitlah bikin paper (dlu) ver. aku 4/5 bln brs pnelitian baru dibikin paper wkwk,habis penelitian terbitlah bikin paper (dlu) ver. aku 4/5 bulan brs pnelitian baru dibikin paper wkwk,habis penelitian terbitlah bikin paper ( dlu ) ver . 4 / 5 brs pnelitian dibikin paper wkwk,netral
"kodim 0506/tgr pantau pos terpadu gabungan, jelang new normal (berita mpi) https://t.co/wadkacu0om","kodim 0506/tgr pantau pos terpadu gabungan, jelang (berita mpi)","kodim 0506/tgr pantau pos terpadu gabungan, jelang (berita mpi)","kodim 0506 / tgr pantau pos terpadu gabungan , jelang ( berita mpi )",netral
"kodim 0506/tgr pantau pos terpadu gabungan, jelang new normal (berita mpi) https://t.co/0kgjm8eokn","kodim 0506/tgr pantau pos terpadu gabungan, jelang (berita mpi)","kodim 0506/tgr pantau pos terpadu gabungan, jelang (berita mpi)","kodim 0506 / tgr pantau pos terpadu gabungan , jelang ( berita mpi )",netral
"*new normal yang hakiki*

new normal yang sebenarnya:
1. mencuci kotoran dosa dengan istighfar, mohon ampun kepada allah.
2. menjaga jarak agar diri selalu terjauh dari syirik, kufur, bidâ€™ah, maksiat &amp; segala bentukâ€¦ https://t.co/jmhynjqtrj","*new yang hakiki*

new yang sebenarnya:
1. mencuci kotoran dosa dengan istighfar, mohon ampun kepada allah.
2. menjaga jarak agar diri selalu terjauh dari syirik, kufur, bidâ€™ah, maksiat &amp; segala bentukâ€¦","*new yang hakiki*

new yang sebenarnya:
1. mencuci kotoran dosa dengan istighfar, mohon ampun kepada allah.
2. menjaga jarak agar diri selalu terjauh dari syirik, kufur, bidâ€™ah, maksiat &amp; segala bentukâ€¦","* hakiki * 

 : 
 1 . mencuci kotoran dosa istighfar , mohon ampun allah . 
 2 . menjaga jarak terjauh syirik , kufur , bidâ€™ah , maksiat & amp ; bentuk â€¦",positif
"gotta normalize the new normal sis , we can have fun in this time and be aware of the virus by following the sops . jangan la bitter sangat ye ğŸ˜‰ ekonomi negara hang jugak yang tengah lembab sekarang ni https://t.co/or1ydvg7ae","gotta normalize the sis , we can have fun in this time and be aware of the virus by following the sops . jangan la bitter sangat ye ğŸ˜‰ ekonomi negara hang jugak yang tengah lembab sekarang ni","gotta normalize the sis , we can have fun ini this time and be aware of the virus by following the sops . jangan lah bitter sangat ye ğŸ˜‰ ekonomi negara hang juga yang tengah lembab sekarang nih","gotta normalize the , we can have fun this time and be aware of the virus by following the sops . bitter ye ğŸ˜‰ ekonomi negara hang lembab",positif
"misalnya nih kalo new normal, tapi kan di indonesia masih banyak sekolah2 yang kekurangan fasilitas kesehatan?","misalnya nih kalo normal, tapi kan di indonesia masih banyak sekolah2 yang kekurangan fasilitas kesehatan?","misalnya nih kalo normal, tapi kan di indonesia masih banyak sekolah2 yang kekurangan fasilitas kesehatan?",", indonesia sekolah2 kekurangan fasilitas kesehatan ?",negatif
@draftanakunpad online aja deh kl new normal terlalu beresiko. biar ada alesan diem terus dikamar krn ngerjain tugas:))),online aja deh kl terlalu beresiko. biar ada alesan diem terus dikamar krn ngerjain tugas:))),online saja deh kalo terlalu beresiko. biar ada alesan diam terus dikamar karena ngerjain tugas:))),online deh beresiko . biar alesan diam dikamar ngerjain tugas : ) ) ),positif
"bismillah new normal...
bye bye kasur yg udh setia sama aq 12jm lebih. saatnya adaptasi lagi..
kmu hnya bisa menemaniqw malam hari lagi ğŸ˜…","bismillah normal...
bye bye kasur yg udh setia sama aq 12jm lebih. saatnya adaptasi lagi..
kmu hnya bisa menemaniqw malam hari lagi ğŸ˜…","bismillah normal...
bye bye kasur yang sudah setia sama aku 12jm lebih. saatnya adaptasi lagi..
kmu hanya bisa menemaniqw malam hari lagi ğŸ˜…","bismillah ... 
 bye bye kasur setia 12jm . adaptasi .. 
 kmu menemaniqw malam ğŸ˜…",positif
"hari ini berangkat jalanan udah mulai macet, stasiun udah mulai padet, welcome new normal","hari ini berangkat jalanan udah mulai macet, stasiun udah mulai padet, welcome","hari ini berangkat jalanan sudah mulai macet, stasiun sudah mulai padet, welcome","berangkat jalanan macet , stasiun padet , welcome",negatif
"new normal banget ini, biasanya di masa pandemi ini jam 06.10 otw ngantor masih sepi, ini udah rame dong, rame motor.","banget ini, biasanya di masa pandemi ini jam 06.10 otw ngantor masih sepi, ini udah rame dong, rame motor.","banget ini, biasanya di masa pandemi ini jam 06.10 otw ngantor masih sepi, ini sudah rame dong, rame motor.",", pandemi jam 06.10 otw ngantor sepi , rame , rame motor .",negatif
new normal dan kemungkinan terjadinya gelombang kedua peningkatan virus corona ğŸ˜¢,dan kemungkinan terjadinya gelombang kedua peningkatan virus corona ğŸ˜¢,dan kemungkinan terjadinya gelombang kedua peningkatan virus corona ğŸ˜¢,gelombang peningkatan virus corona ğŸ˜¢,negatif
"citilink tetap mengutamakan aspek keselamatan, kesehatan, dan kenyamanan penumpang. https://t.co/bgaydofdq6","citilink tetap mengutamakan aspek keselamatan, kesehatan, dan kenyamanan penumpang.","citilink tetap mengutamakan aspek keselamatan, kesehatan, dan kenyamanan penumpang.","citilink mengutamakan aspek keselamatan , kesehatan , kenyamanan penumpang .",positif
"dan ketika #overthinking jg jadi trending, seketika itu pula aku ingat obrolan kita bbrp hari lalu. @potrekoneng_na @yunita_susan @septiseptember bukan hanya kita yg ngalami ini gaes. new normal kali ya wkwkwk https://t.co/v9xc1s4hip","dan ketika #overthinking jg jadi trending, seketika itu pula aku ingat obrolan kita bbrp hari lalu. bukan hanya kita yg ngalami ini gaes. kali ya wkwkwk","dan ketika #overthinking juga jadi trending, seketika itu pula aku ingat obrolan kita beberapa hari lalu. bukan hanya kita yang ngalami ini gaes. kali ya wkwkwk","#overthinking trending , obrolan . ngalami . kali wkwkwk",netral
"pt bank negara indonesia (persero) tbk mengandalkan jaringan agen46 atau layanan keuangan tanpa kantor, bagi nasabah yang ingin mengakses kredit usaha rakyat (kur) saat menghadapi pola tatanan baru atau new normal dari pandemi covid-19.
selengkapnya 
https://t.co/l3qfv58dmq","pt bank negara indonesia (persero) tbk mengandalkan jaringan agen46 atau layanan keuangan tanpa kantor, bagi nasabah yang ingin mengakses kredit usaha rakyat (kur) saat menghadapi pola tatanan baru atau dari pandemi covid-19.
selengkapnya","pt bank negara indonesia (persero) tbk mengandalkan jaringan agen46 atau layanan keuangan tanpa kantor, bagi nasabah yang ingin mengakses kredit usaha rakyat (kur) saat menghadapi pola tatanan baru atau dari pandemi covid-19.
selengkapnya","pt bank negara indonesia ( persero ) tbk mengandalkan jaringan agen46 layanan keuangan kantor , nasabah mengakses kredit usaha rakyat ( kur ) menghadapi pola tatanan pandemi covid - 19 . 
 selengkapnya",netral
wagub dki: potensi penularan corona saat new normal lebih tinggi https://t.co/requzuwm1y,wagub dki: potensi penularan corona saat lebih tinggi,wagub dki: potensi penularan corona saat lebih tinggi,wagub dki : potensi penularan corona,negatif
pemprov dki belum siapkan skema new normal di sekolah https://t.co/2d8kvugdrv,pemprov dki belum siapkan skema di sekolah,pemprov dki belum siapkan skema di sekolah,pemprov dki siapkan skema sekolah,negatif
"kai siapkan pedoman new normal untuk pelanggan kereta api.
https://t.co/q5a9syn5nw https://t.co/fe48l9dv0q",kai siapkan pedoman untuk pelanggan kereta,kai siapkan pedoman untuk pelanggan kereta,kai siapkan pedoman pelanggan kereta,netral
"new normal ibarat herd immunity, siapa yg imunnya kuat maka kebal akan corona..","ibarat herd immunity, siapa yg imunnya kuat maka kebal akan corona..","ibarat herd immunity, siapa yang imunnya kuat maka kebal akan corona..","herd immunity , imunnya kuat kebal corona ..",netral
kabar soal rekayasa lalu lintas di jalan tol jakarta-cikampek ramai dicari pembaca. selain itu juga soal sekat partisi ojek online saat new normal. https://t.co/foa6ebnahn,kabar soal rekayasa lalu lintas di jalan tol jakarta-cikampek ramai dicari pembaca. selain itu juga soal sekat partisi ojek online saat normal.,kabar soal rekayasa lalu lintas di jalan tol jakarta-cikampek ramai dicari pembaca. selain itu juga soal sekat partisi ojek online saat normal.,kabar rekayasa lintas jalan tol jakarta - cikampek ramai dicari pembaca . sekat partisi ojek online .,netral