text_asli,removed_noise,removed_alay,removed_stopwords
"selamat pagi warga dumay +62. salam hidup new normal, ditengah meningkatnya pandemi. picek https://t.co/b7kezvqk82","selamat pagi warga dumay +62. salam hidup normal, ditengah meningkatnya pandemi. picek","selamat pagi warga dumay +62. salam hidup normal, ditengah meningkatnya pandemi. picek","selamat pagi warga dumay +62 . salam hidup , ditengah meningkatnya pandemi . picek"
"roda ekonomi harus secepatnya berputar dimasa new normal demi mencegah kebangkrutan negara. perumda jasa yasa kabupaten malang, mulai membuka beberapa tempat wisata untuk dikunjungi. namun penerapan protokolâ€¦ https://t.co/73sfferozp","roda ekonomi harus secepatnya berputar dimasa demi mencegah kebangkrutan negara. perumda jasa yasa kabupaten malang, mulai membuka beberapa tempat wisata untuk dikunjungi. namun penerapan protokolâ€¦","roda ekonomi harus secepatnya berputar dimasa demi mencegah kebangkrutan negara. perumda jasa yasa kabupaten malang, mulai membuka beberapa tempat wisata untuk dikunjungi. namun penerapan protokolâ€¦","roda ekonomi secepatnya berputar dimasa mencegah kebangkrutan negara . perumda jasa yasa kabupaten malang , membuka wisata dikunjungi . penerapan protokol â€¦"
"kl indonesia new normal,kita bakal ikut normal juga ga?apa masih gini juga?","kl indonesia normal,kita bakal ikut juga ga?apa masih gini juga?","kalo indonesia normal,kita bakal ikut juga ga?apa masih begini juga?","indonesia , ga?apa ?"
"justru jika semakin banyak yg ketahuan terkena covid19 harusnya pemerintah yg dituntut cepat ambil tindakan berdasarkan bid kesehatan. bukan malah membuat kebijakan ""new normal"". kebijakan berdasarkan bidang yg relevan. 

apakah setiap daerah sdh sama rata jumlah rapid test-nya?","justru jika semakin banyak yg ketahuan terkena covid19 harusnya pemerintah yg dituntut cepat ambil tindakan berdasarkan bid kesehatan. bukan malah membuat kebijakan ""new normal"". kebijakan berdasarkan bidang yg relevan. apakah setiap daerah sdh sama rata jumlah rapid test-nya?","justru jika semakin banyak yang ketahuan terkena covid19 harusnya pemerintah yang dituntut cepat ambil tindakan berdasarkan bid kesehatan. bukan malah membuat kebijakan ""new normal"". kebijakan berdasarkan bidang yang relevan. apakah setiap daerah sudah sama rata jumlah rapid test-nya?","ketahuan terkena covid19 pemerintah dituntut cepat ambil tindakan berdasarkan bid kesehatan . kebijakan "" "" . kebijakan berdasarkan bidang relevan . daerah rapid test -nya ?"
"sop new normal, hotel harus siapkan klinik https://t.co/uhsetnwqti","sop normal, hotel harus siapkan klinik","sop normal, hotel harus siapkan klinik","sop , hotel siapkan klinik"
dari diskusi jaminan kesehatan di masa new normal https://t.co/mosolv0wsx,dari diskusi jaminan kesehatan di masa,dari diskusi jaminan kesehatan di masa,diskusi jaminan kesehatan
"new normal dan psbb transisi, podoae..","dan psbb transisi, podoae..","dan psbb transisi, podoae..","psbb transisi , podoae .."
"@fahiraidris pak @aniesbaswedan tdk faham arti new normal.
kasian warga yg terpuruk ekonominya klo ini terus diperpanjang.
seharusnya kalian memahami 'new normal' itu sbg penerapan protokol kesehatan yg lebih ketat, bukan memahaminya sbg kebebasan.

new normal adalah transisi bukan normal","pak tdk faham arti normal.
kasian warga yg terpuruk ekonominya klo ini terus diperpanjang.
seharusnya kalian memahami 'new normal' itu sbg penerapan protokol kesehatan yg lebih ketat, bukan memahaminya sbg kebebasan.

new adalah transisi bukan","pak tidak faham arti normal.
kasian warga yang terpuruk ekonominya kalo ini terus diperpanjang.
seharusnya kalian memahami 'new normal' itu sebagai penerapan protokol kesehatan yang lebih ketat, bukan memahaminya sebagai kebebasan.

new adalah transisi bukan","faham arti . 
 kasian warga terpuruk ekonominya diperpanjang . 
 memahami ' ' penerapan protokol kesehatan ketat , memahaminya kebebasan . 

 transisi"
"#infopolsekbadau 
@polsek_badau
...
tni - polri melaksanakan pengawasan dan pengamanan  aktifitas di pelabuhan tanjung ru - belitung memasuki transisi penerapan tatanan kehidupan baru (new normal), jum'at (05/06)
.
.
.
tni-polri siap kawal tatanan kehidupan baru (new normal)
.
. https://t.co/sctgiwe54m","#infopolsekbadau - polri melaksanakan pengawasan dan pengamanan aktifitas di pelabuhan tanjung ru - belitung memasuki transisi penerapan tatanan kehidupan baru (new normal), jum'at (05/06)
.
.
.
tni-polri siap kawal tatanan kehidupan baru (new normal)
.
.","#infopolsekbadau - polri melaksanakan pengawasan dan pengamanan aktifitas di pelabuhan tanjung ru - belitung memasuki transisi penerapan tatanan kehidupan baru (new normal), jum'at (05/06)
.
.
.
tni-polri siap kawal tatanan kehidupan baru (new normal)
.
.","#infopolsekbadau - polri melaksanakan pengawasan pengamanan aktifitas pelabuhan tanjung ru - belitung memasuki transisi penerapan tatanan kehidupan ( ) , Jumat ( 05 / 06 ) 
 . 
 . 
 . 
 tni - polri kawal tatanan kehidupan ( ) 
 . 
 ."
"new normal ditolak epidemiolog, peneliti, tokoh dan masyarakat?? | serba... https://t.co/fjuoptnkig lewat @youtube","ditolak epidemiolog, peneliti, tokoh dan masyarakat?? | serba... lewat","ditolak epidemiolog, peneliti, tokoh dan masyarakat?? | serba... lewat","ditolak epidemiolog , peneliti , tokoh masyarakat ? ? | serba ..."
"mempertahankan pola hidup sehat sesuai dengan protokol kesehatan cegah covid-19 dalam menjalankan aktivitas normal (the new normal) saat ini.
selanjutnya follow instagram polsek badau polres belitung ğŸ‘‡ğŸ‘‡ğŸ™
.
https://t.co/4kwnrtjw4i","mempertahankan pola hidup sehat sesuai dengan protokol kesehatan cegah covid-19 dalam menjalankan aktivitas (the normal) saat ini.
selanjutnya follow instagram polsek badau polres belitung","mempertahankan pola hidup sehat sesuai dengan protokol kesehatan cegah covid-19 dalam menjalankan aktivitas (the normal) saat ini.
selanjutnya follow instagram polsek badau polres belitung","mempertahankan pola hidup sehat sesuai protokol kesehatan cegah covid - 19 menjalankan aktivitas ( the ) . 
 follow instagram polsek badau polres belitung"
"sektor pariwisata di kabupaten wonosobo, jawa tengah, mulai bersiap diri menerapkan tatanan kehidupan new normal dalam menerima wisatawan https://t.co/3onj3ursqw","sektor pariwisata di kabupaten wonosobo, jawa tengah, mulai bersiap diri menerapkan tatanan kehidupan dalam menerima wisatawan","sektor pariwisata di kabupaten wonosobo, jawa tengah, mulai bersiap diri menerapkan tatanan kehidupan dalam menerima wisatawan","sektor pariwisata kabupaten wonosobo , jawa , menerapkan tatanan kehidupan menerima wisatawan"
alasan anies tak pilih kata new normal: banyak yang belum tahu https://t.co/tmg5jtonka,alasan anies tak pilih kata normal: banyak yang belum tahu,alasan anies tak pilih kata normal: banyak yang belum tahu,alasan anies pilih :
"dirut garuda: saat new normal, tarif terbang bakal lebih mahal - https://t.co/5aercvlpme https://t.co/laket5n4x2","dirut garuda: saat normal, tarif terbang bakal lebih mahal -","dirut garuda: saat normal, tarif terbang bakal lebih mahal -","dirut garuda : , tarif terbang mahal -"
"setelah new normal, dimana2 kawan gua langsung futsal semua cukss ğŸ˜ğŸ––","setelah normal, dimana2 kawan gua langsung futsal semua cukss ğŸ˜ğŸ––","setelah normal, dimana2 kawan gua langsung futsal semua cukss ğŸ˜ğŸ––",", dimana2 kawan langsung futsal cukss ğŸ˜ ğŸ––"
"selamat pagi #sahabatdesa
mari bersiap menyambut new normal, utamanya di desa,,
new normal sebenarnya hanya merubah hidup lebih sehat dan lebih baik. so, rajin cuci tangan, selalu pakai masker, dan senantiasa jaga jarak yaa!!!
semoga bisa membudaya dikalangan masyarakat kita. https://t.co/nfjqln292y","selamat pagi #sahabatdesa
mari bersiap menyambut normal, utamanya di desa,,
new sebenarnya hanya merubah hidup lebih sehat dan lebih baik. so, rajin cuci tangan, selalu pakai masker, dan senantiasa jaga jarak yaa!!!
semoga bisa membudaya dikalangan masyarakat kita.","selamat pagi #sahabatdesa
mari bersiap menyambut normal, utamanya di desa,,
new sebenarnya hanya merubah hidup lebih sehat dan lebih baik. so, rajin cuci tangan, selalu pakai masker, dan senantiasa jaga jarak yaa!!!
semoga bisa membudaya dikalangan masyarakat kita.","selamat pagi #sahabatdesa 
 mari menyambut , utamanya desa , , 
 merubah hidup sehat . so , rajin cuci tangan , pakai masker , senantiasa jaga jarak yaa ! ! ! 
 semoga membudaya dikalangan masyarakat ."
"jakarta (5/6) â€“ melaksanakan surat edaran kementerian badan usaha milik negara (bumn) nomor s-336/mbu/2020 mengenai antisipasi skenario the new normal badan usaha milik negara, pt sucofindo (persero) siap untuk menerapkan skenario new normal tersebut https://t.co/zdj6qdoscm","jakarta (5/6) â€“ melaksanakan surat edaran kementerian badan usaha milik negara (bumn) nomor s-336/mbu/2020 mengenai antisipasi skenario the badan usaha milik negara, pt sucofindo (persero) siap untuk menerapkan skenario tersebut","jakarta (5/6) â€“ melaksanakan surat edaran kementerian badan usaha milik negara (bumn) nomor s-336/mbu/2020 mengenai antisipasi skenario the badan usaha milik negara, pt sucofindo (persero) siap untuk menerapkan skenario tersebut","jakarta ( 5 / 6 ) â€“ melaksanakan surat edaran kementerian badan usaha milik negara ( bumn ) nomor s - 336 / mbu/2020 antisipasi skenario the badan usaha milik negara , pt sucofindo ( persero ) menerapkan skenario"
"""new normal kih ayoh dolan""
matamu i iki pandemi uduk tilangan!","""new kih ayoh dolan""
matamu i iki pandemi uduk tilangan!","""new kih ayoh dolan""
matamu i iki pandemi uduk tilangan!",""" kih ayoh dolan "" 
 matamu i iki pandemi uduk tilangan !"
"@satriohendri kayaknya istilah ""new normal"" itu kurang tapat  dah bang... kan kita belum normal seperti semula lagi... mgkn lebih tepatnya di sebut
""new upnormal"", krn memang masih belum normal alias masih upnormal...
ğŸ¤£ğŸ¤£ğŸ¤£","kayaknya istilah ""new normal"" itu kurang tapat dah bang... kan kita belum seperti semula lagi... mgkn lebih tepatnya di sebut
""new upnormal"", krn memang masih belum alias masih upnormal...
ğŸ¤£ğŸ¤£ğŸ¤£","kayaknya istilah ""new normal"" itu kurang tapat deh bang... kan kita belum seperti semula lagi... mungkin lebih tepatnya di sebut
""new upnormal"", karena memang masih belum alias masih upnormal...
ğŸ¤£ğŸ¤£ğŸ¤£","kayaknya istilah "" "" tapat deh bang ... ... tepatnya 
 "" upnormal "" , alias upnormal ... 
 ğŸ¤£ ğŸ¤£ ğŸ¤£"
@merapi_news new normal ki wong wedok kudu gelem ngaku salah.,ki wong wedok kudu gelem ngaku salah.,ki wong wedok kudu gelem mengaku salah.,ki wedok kudu gelem mengaku salah .
"ya....ya...ya.
berusaha tampil beda.
berusaha jadi pembangkang.
gak ikuti garis komando pusat.
ntar kalo sudah parah menyalahkan pusat.
#basi

https://t.co/lkfkf6ndhb","ya....ya...ya.
berusaha tampil beda.
berusaha jadi pembangkang.
gak ikuti garis komando pusat.
ntar kalo sudah parah menyalahkan","ya....ya...ya.
berusaha tampil beda.
berusaha jadi pembangkang.
gak ikuti garis komando pusat.
ntar kalo sudah parah menyalahkan",".... ... . 
 berusaha tampil beda . 
 berusaha pembangkang . 
 ikuti garis komando pusat . 
 ntar parah menyalahkan"
konsep sop new normal di ntb untuk hotel dan rumah makan harus menyediakan klinik fasilitas kesehtan. https://t.co/hopdvfxuid,konsep sop di ntb untuk hotel dan rumah makan harus menyediakan klinik fasilitas kesehtan.,konsep sop di ntb untuk hotel dan rumah makan harus menyediakan klinik fasilitas kesehtan.,konsep sop ntb hotel rumah makan menyediakan klinik fasilitas kesehtan .
"new normal ku dimulai dengan merawat tanaman-tanaman ini. sudah sebulan lebih tidak tersentuh tangan sama dengan nasib blogku. 
.
.
optimis hari ini dan besok jauh lebih baik. meskipun tau tidak akan sama denganâ€¦ https://t.co/b3sghaguu3","ku dimulai dengan merawat tanaman-tanaman ini. sudah sebulan lebih tidak tersentuh tangan sama dengan nasib blogku. .
.
optimis hari ini dan besok jauh lebih baik. meskipun tau tidak akan sama denganâ€¦","ku dimulai dengan merawat tanaman-tanaman ini. sudah sebulan lebih tidak tersentuh tangan sama dengan nasib blogku. .
.
optimis hari ini dan besok jauh lebih baik. meskipun tau tidak akan sama denganâ€¦","ku merawat tanaman - tanaman . sebulan tersentuh tangan nasib blogku . . 
 . 
 optimis besok . tau â€¦"
new normal? tapi mohon tetap waspada: begini virus corona menyusup dan memangsa sel tubuh anda https://t.co/ukdyddi8oc,normal? tapi mohon tetap waspada: begini virus corona menyusup dan memangsa sel tubuh anda,normal? tapi mohon tetap waspada: begini virus corona menyusup dan memangsa sel tubuh anda,? mohon waspada : virus corona menyusup memangsa sel tubuh
"kalau new normal belum bisa diterapkan di tempat tinggal mu, jangan maksa ya. https://t.co/cq9wpr3cya","kalau belum bisa diterapkan di tempat tinggal mu, jangan maksa ya.","kalau belum bisa diterapkan di tempat tinggal mu, jangan maksa ya.","diterapkan tinggal mu , maksa ."
"yuk ikut kali ini bpsdmi mempunyai acara webinar series 4.0 dengan bertemakan ""penguat link &amp; match pendidikan vokasi dan industri di era new normal""
.
.
ayo buruan hari iniii stay tune di channel youtube kementerian perindustrian ri.
sabtu, 06 juni 2020
pkl 09-12.00 wib. https://t.co/so5ztzokpn","yuk ikut kali ini bpsdmi mempunyai acara webinar series 4.0 dengan bertemakan ""penguat link &amp; match pendidikan vokasi dan industri di era normal""
.
.
ayo buruan hari iniii stay tune di channel youtube kementerian perindustrian ri.
sabtu, 06 juni 2020
pkl 09-12.00 wib.","yuk ikut kali ini bpsdmi mempunyai acara webinar series 4.0 dengan bertemakan ""penguat link &amp; match pendidikan vokasi dan industri di era normal""
.
.
ayo buruan hari ini stay tune di channel youtube kementerian perindustrian ri.
sabtu, 06 juni 2020
pkl 09-12.00 wib.","kali bpsdmi acara webinar series 4.0 bertemakan "" penguat link & amp ; match pendidikan vokasi industri era "" 
 . 
 . 
 ayo buruan stay tune channel youtube kementerian perindustrian ri . 
 sabtu , 06 juni 2020 
 pkl 09 - 12.00 wib ."
"https://t.co/nbirk60upu
begini kalau bekerja tidak berdasar dari pemikiran sendiri..??",kalau bekerja tidak berdasar dari pemikiran sendiri..??,kalau bekerja tidak berdasar dari pemikiran sendiri..??,berdasar pemikiran .. ? ?
"pimpred metro tv siapa sih? tolong ""new normal"" enggak usah diterjemahkan kenormalan batu, tipi cukup normal baru. 

@metro_tv @metrotvtoday","pimpred metro tv siapa sih? tolong ""new normal"" enggak usah diterjemahkan kenormalan batu, tipi cukup baru.","pimpred metro tv siapa sih? tolong ""new normal"" enggak usah diterjemahkan kenormalan batu, tipi cukup baru.","pimpred metro tv ? tolong "" "" diterjemahkan kenormalan batu , tipi ."
baru buka twitter udh liat orang pd jualan gorengan.. hadeeh hare gene msh seneng dagang gorengan... udh new normal nih.. ayo setting ke pikiran yg normal aja..  jgn banyak hasad hasud yg gak jelas... ayo kerja keras berat tentangan kita ke depan men ğŸ’ª,baru buka twitter udh liat orang pd jualan gorengan.. hadeeh hare gene msh seneng dagang gorengan... udh nih.. ayo setting ke pikiran yg aja.. jgn banyak hasad hasud yg gak jelas... ayo kerja keras berat tentangan kita ke depan men ğŸ’ª,baru buka twitter sudah lihat orang pada jualan gorengan.. hadeeh hare gene masih senang dagang gorengan... sudah nih.. ayo setting ke pikiran yang aja.. jangan banyak hasad hasud yang enggak jelas... ayo kerja keras berat tentangan kita ke depan men ğŸ’ª,buka twitter lihat orang jualan gorengan .. hadeeh hare gene senang dagang gorengan ... .. ayo setting pikiran .. hasad hasud ... ayo kerja keras berat tentangan men ğŸ’ª
tni-polri gelar simulasi gabungan fase new normal di kotaÂ sorong https://t.co/ahnva5psjt,tni-polri gelar simulasi gabungan fase di kotaÂ sorong,tni-polri gelar simulasi gabungan fase di kotaÂ sorong,tni - polri gelar simulasi gabungan fase kota    sorong
"@sibakiakungu @gojekindonesia mungkin sudah mulai ramai orderan, karna new normal bun","mungkin sudah mulai ramai orderan, karna bun","mungkin sudah mulai ramai orderan, karena bun","ramai orderan , bun"
"mengisi diksusi terbatas untuk jurnalis di jatim (2/6/20), ""peliputan covid-19 &amp; menyongsong new normal"". sehat selalu pahlawanku di era pandemi. https://t.co/2kri2vpagz","mengisi diksusi terbatas untuk jurnalis di jatim (2/6/20), ""peliputan covid-19 &amp; menyongsong normal"". sehat selalu pahlawanku di era pandemi.","mengisi diksusi terbatas untuk jurnalis di jatim (2/6/20), ""peliputan covid-19 &amp; menyongsong normal"". sehat selalu pahlawanku di era pandemi.","mengisi diksusi terbatas jurnalis jatim ( 2 / 6 / 20 ) , "" peliputan covid - 19 & amp ; menyongsong "" . sehat pahlawanku era pandemi ."
"lagu   ,   corona
                virus mematikan

ganas membunuh  jutaan  orang        lewat perkumpulan  dan keramaian 
hindari keramaian,jaga jarak, pake masker,sholat di rumah aja
taati lah protokol kesehatan new normal / normalisasi kehidupan 

https://t.co/hwhpcyhtfd https://t.co/54kau5mfyy","lagu , corona virus mematikan

ganas membunuh jutaan orang lewat perkumpulan dan keramaian hindari keramaian,jaga jarak, pake masker,sholat di rumah aja
taati lah protokol kesehatan / normalisasi kehidupan","lagu , corona virus mematikan

ganas membunuh jutaan orang lewat perkumpulan dan keramaian hindari keramaian,jaga jarak, pakai masker,sholat di rumah aja
taati lah protokol kesehatan / normalisasi kehidupan","lagu , corona virus mematikan 

 ganas membunuh jutaan orang perkumpulan keramaian hindari keramaian , jaga jarak , pakai masker , sholat rumah 
 taati protokol kesehatan / normalisasi kehidupan"
"menuju new normal, pasien covid-19 lampung kini mencapai 141 orang https://t.co/tm0vrqjuka https://t.co/frycrw8iod","menuju normal, pasien covid-19 lampung kini mencapai 141 orang","menuju normal, pasien covid-19 lampung kini mencapai 141 orang",", pasien covid - 19 lampung mencapai 141 orang"
"lagu   ,   corona
                virus mematikan

ganas membunuh  jutaan  orang        lewat perkumpulan  dan keramaian 
hindari keramaian,jaga jarak, pake masker,sholat di rumah aja
taati lah protokol kesehatan new normal / normalisasi kehidupan 

https://t.co/hwhpcyhtfd https://t.co/adbzhzy4b7","lagu , corona virus mematikan

ganas membunuh jutaan orang lewat perkumpulan dan keramaian hindari keramaian,jaga jarak, pake masker,sholat di rumah aja
taati lah protokol kesehatan / normalisasi kehidupan","lagu , corona virus mematikan

ganas membunuh jutaan orang lewat perkumpulan dan keramaian hindari keramaian,jaga jarak, pakai masker,sholat di rumah aja
taati lah protokol kesehatan / normalisasi kehidupan","lagu , corona virus mematikan 

 ganas membunuh jutaan orang perkumpulan keramaian hindari keramaian , jaga jarak , pakai masker , sholat rumah 
 taati protokol kesehatan / normalisasi kehidupan"
"aa gym: 5 hal yang wajib dipahami hadapi new normal

wacana new normal menjadi perbincangan publik. tidak hanya aturan saja yang perlu di pahami oleh masyarakat. 

berita selanutnya : https://t.co/duyx4wprt5 https://t.co/xjv4w7rwud","aa gym: 5 hal yang wajib dipahami hadapi normal

wacana menjadi perbincangan publik. tidak hanya aturan saja yang perlu di pahami oleh masyarakat. berita selanutnya :","aa gym: 5 hal yang wajib dipahami hadapi normal

wacana menjadi perbincangan publik. tidak hanya aturan saja yang perlu di pahami oleh masyarakat. berita selanutnya :","aa gym : 5 wajib dipahami hadapi 

 wacana perbincangan publik . aturan pahami masyarakat . berita selanutnya :"
"reshuffle kabinet harus segera dilakukan jika presiden joko widodo ingin pemerintahanya berlari kencang seiring diterapkanya konsep the new normal, pendapat dari ketua presidium indonesia police watch (ipw) neta s pane kepadaÂ kantor berita politik rmol, selasa malam (26/5).","reshuffle kabinet harus segera dilakukan jika presiden joko widodo ingin pemerintahanya berlari kencang seiring diterapkanya konsep the normal, pendapat dari ketua presidium indonesia police watch (ipw) neta s pane kepadaÂ kantor berita politik rmol, selasa malam (26/5).","reshuffle kabinet harus segera dilakukan jika presiden joko widodo ingin pemerintahanya berlari kencang seiring diterapkanya konsep the normal, pendapat dari ketua presidium indonesia police watch (ipw) neta si pane kepadaÂ kantor berita politik rmol, selasa malam (26/5).","reshuffle kabinet presiden joko widodo pemerintahanya berlari kencang seiring diterapkanya konsep the , pendapat ketua presidium indonesia police watch ( ipw ) neta si pane    kantor berita politik rmol , selasa malam ( 26 / 5 ) ."
@merapi_news new normal ro ora podo ae... podo2 iseh dewean.. ğŸ˜‚ğŸ˜‚ğŸ˜‚ğŸ˜‚ğŸ˜‚,ro ora podo ae... podo2 iseh dewean.. ğŸ˜‚ğŸ˜‚ğŸ˜‚ğŸ˜‚ğŸ˜‚,ro ora podo ae... podo2 iseh dewean.. ğŸ˜‚ğŸ˜‚ğŸ˜‚ğŸ˜‚ğŸ˜‚,ro ora podo ae ... podo2 iseh dewean .. ğŸ˜‚ ğŸ˜‚ ğŸ˜‚ ğŸ˜‚ ğŸ˜‚
"@kompascom lagu   ,   corona
                virus mematikan

ganas membunuh  jutaan  orang        lewat perkumpulan  dan keramaian 
hindari keramaian,jaga jarak, pake masker,sholat di rumah aja
taati lah protokol kesehatan new normal / normalisasi kehidupan 

https://t.co/hwhpcyhtfd","lagu , corona virus mematikan

ganas membunuh jutaan orang lewat perkumpulan dan keramaian hindari keramaian,jaga jarak, pake masker,sholat di rumah aja
taati lah protokol kesehatan / normalisasi kehidupan","lagu , corona virus mematikan

ganas membunuh jutaan orang lewat perkumpulan dan keramaian hindari keramaian,jaga jarak, pakai masker,sholat di rumah aja
taati lah protokol kesehatan / normalisasi kehidupan","lagu , corona virus mematikan 

 ganas membunuh jutaan orang perkumpulan keramaian hindari keramaian , jaga jarak , pakai masker , sholat rumah 
 taati protokol kesehatan / normalisasi kehidupan"
"lagu   ,   corona
                virus mematikan

ganas membunuh  jutaan  orang        lewat perkumpulan  dan keramaian .
hindari keramaian,jaga jarak, pake masker,sholat di rumah aja
taati lah protokol kesehatan new normal / normalisasi kehidupan 

https://t.co/hwhpcyhtfd https://t.co/2h0rvmd004","lagu , corona virus mematikan

ganas membunuh jutaan orang lewat perkumpulan dan keramaian .
hindari keramaian,jaga jarak, pake masker,sholat di rumah aja
taati lah protokol kesehatan / normalisasi kehidupan","lagu , corona virus mematikan

ganas membunuh jutaan orang lewat perkumpulan dan keramaian .
hindari keramaian,jaga jarak, pakai masker,sholat di rumah aja
taati lah protokol kesehatan / normalisasi kehidupan","lagu , corona virus mematikan 

 ganas membunuh jutaan orang perkumpulan keramaian . 
 hindari keramaian , jaga jarak , pakai masker , sholat rumah 
 taati protokol kesehatan / normalisasi kehidupan"
"setelah dinyatakan new normal..
tapi masih menyisahkan sebuah kenangan saat  bidan desa menghadapi dan memberi edukasi 24 jam kepada warga pendatang yg dri prantauan denga apd seadanya..
tetap menjalankan tgas dgn keterbatasan demi ksehatn masyarakat
@ganjarpranowo 
@kebumensatu https://t.co/t9lecbc30k","setelah dinyatakan normal..
tapi masih menyisahkan sebuah kenangan saat bidan desa menghadapi dan memberi edukasi 24 jam kepada warga pendatang yg dri prantauan denga apd seadanya..
tetap menjalankan tgas dgn keterbatasan demi ksehatn","setelah dinyatakan normal..
tapi masih menyisahkan sebuah kenangan saat bidan desa menghadapi dan memberi edukasi 24 jam kepada warga pendatang yang dari prantauan denga apd seadanya..
tetap menjalankan tgas dengan keterbatasan demi ksehatn","dinyatakan .. 
 menyisahkan kenangan bidan desa menghadapi edukasi 24 jam warga pendatang prantauan denga apd seadanya .. 
 menjalankan tgas keterbatasan ksehatn"
@naviaa the new normal?  me too sempet kepikiran sampe yg sebel bgt sama pemerintah ğŸ™‚,the normal? me too sempet kepikiran sampe yg sebel bgt sama pemerintah ğŸ™‚,the normal? me too sempat kepikiran sampai yang sebel banget sama pemerintah ğŸ™‚,the ? me too kepikiran sebel pemerintah ğŸ™‚
review perjalanan di tengah pandemi covid dan new normal,review perjalanan di tengah pandemi covid dan,review perjalanan di tengah pandemi covid dan,review perjalanan pandemi covid
"menuju indonesia new normal

#bersatumelawancovid19
#polriuntukindonesia 
#divhumaspolri 
#humaspoldantb 
#humaspolreslobar https://t.co/nb49zwivmf","menuju indonesia normal

#bersatumelawancovid19
#polriuntukindonesia #divhumaspolri #humaspoldantb #humaspolreslobar","menuju indonesia normal

#bersatumelawancovid19
#polriuntukindonesia #divhumaspolri #humaspoldantb #humaspolreslobar","indonesia 

 #bersatumelawancovid19 
 #polriuntukindonesia #divhumaspolri #humaspoldantb #humaspolreslobar"
new normal adalah . . .,adalah . . .,adalah . . .,. . .
"@olaaafyou tahan dlu laaaah nyaiiii demi keamanan and kesehatan dri, nyi'rona' tuh gk berwujud and gk kasat mata loooh so pasti msh bergentayangan di mana2 jdi sabar laaah.. skrg tuh ganti judul ajh tapi msh dengan cerita n konddisi yg sma ğŸ˜ di ganti jdul ajh new normal biar gk parnoaan..","tahan dlu laaaah nyaiiii demi keamanan and kesehatan dri, nyi'rona' tuh gk berwujud and gk kasat mata loooh so pasti msh bergentayangan di mana2 jdi sabar laaah.. skrg tuh ganti judul ajh tapi msh dengan cerita n konddisi yg sma ğŸ˜ di ganti jdul ajh biar gk parnoaan..","tahan dulu lah nyaiiii demi keamanan and kesehatan dri, nyi'rona' tuh enggak berwujud and enggak kasat mata loh sok pasti masih bergentayangan di mana2 jadi sabar laaah.. sekarang tuh ganti judul saja tapi masih dengan cerita n konddisi yang sama ğŸ˜ di ganti jdul saja biar enggak parnoaan..","tahan nyaiiii keamanan and kesehatan dri , nyi'rona ' berwujud and kasat mata loh sok bergentayangan mana2 sabar laaah .. ganti judul cerita n konddisi ğŸ˜ ganti jdul biar parnoaan .."
@miskahhwlndr hayuk kita jalan2 nanti kalo udah new normal.. nanti kita jalan2 lg ke jkt liat lampu gedung bertingkat,hayuk kita jalan2 nanti kalo udah normal.. nanti kita jalan2 lg ke jkt liat lampu gedung bertingkat,hayuk kita jalan-jalan nanti kalo sudah normal.. nanti kita jalan-jalan lagi ke jakarta lihat lampu gedung bertingkat,hayuk jalan-jalan .. jalan-jalan jakarta lihat lampu gedung bertingkat
lsi paparkan enam strategi hadapi newÂ normal https://t.co/lp2mpppfqi,lsi paparkan enam strategi hadapi newÂ normal,lsi paparkan enam strategi hadapi newÂ normal,lsi paparkan enam strategi hadapi   
"#repost @hdi_info
â€¢ â€¢ â€¢ â€¢ â€¢ â€¢
selamat pagi!

persiapkan diri untuk kembali beraktifitas di era new normal ditengah pandemi, simak tips dari #hdi khusus untuk anda.

mulai tips saat di kendaraan umum, tempat kerjaâ€¦ https://t.co/da2pyh4tu1","#repost â€¢ â€¢ â€¢ â€¢ â€¢
selamat pagi!

persiapkan diri untuk kembali beraktifitas di era ditengah pandemi, simak tips dari #hdi khusus untuk anda.

mulai tips saat di kendaraan umum, tempat kerjaâ€¦","#repost â€¢ â€¢ â€¢ â€¢ â€¢
selamat pagi!

persiapkan diri untuk kembali beraktifitas di era ditengah pandemi, simak tips dari #hdi khusus untuk anda.

mulai tips saat di kendaraan umum, tempat kerjaâ€¦","#repost â€¢ â€¢ â€¢ â€¢ â€¢ 
 selamat pagi ! 

 persiapkan beraktifitas era ditengah pandemi , simak tips #hdi khusus . 

 tips kendaraan , kerja â€¦"
"@republikaonline lagu  ,   corona
                virus mematikan

ganas membunuh  jutaan  orang        lewat perkumpulan  dan keramaian .
hindari keramaian,jaga jarak, pake masker,sholat di rumah aja
taati lah protokol kesehatan new normal / normalisasi kehidupan 

https://t.co/hwhpcyhtfd","lagu , corona virus mematikan

ganas membunuh jutaan orang lewat perkumpulan dan keramaian .
hindari keramaian,jaga jarak, pake masker,sholat di rumah aja
taati lah protokol kesehatan / normalisasi kehidupan","lagu , corona virus mematikan

ganas membunuh jutaan orang lewat perkumpulan dan keramaian .
hindari keramaian,jaga jarak, pakai masker,sholat di rumah aja
taati lah protokol kesehatan / normalisasi kehidupan","lagu , corona virus mematikan 

 ganas membunuh jutaan orang perkumpulan keramaian . 
 hindari keramaian , jaga jarak , pakai masker , sholat rumah 
 taati protokol kesehatan / normalisasi kehidupan"
pemerintah aceh keluarkan edaran terkait protokol kesehatan di sekolah jelang new normal https://t.co/uwflsvhmyx,pemerintah aceh keluarkan edaran terkait protokol kesehatan di sekolah jelang,pemerintah aceh keluarkan edaran terkait protokol kesehatan di sekolah jelang,pemerintah aceh keluarkan edaran terkait protokol kesehatan sekolah jelang
"new normal ditolak epidemiolog, peneliti, tokoh dan masyarakat?? | serba-serbi mmc

nampaknya, pemerintah benar-benar serius untuk menerapkan ""new normal"", demi mempertahankan ekonomi

https://t.co/w87xi8glut","ditolak epidemiolog, peneliti, tokoh dan masyarakat?? | serba-serbi mmc

nampaknya, pemerintah benar-benar serius untuk menerapkan ""new normal"", demi mempertahankan","ditolak epidemiolog, peneliti, tokoh dan masyarakat?? | serba-serbi mmc

nampaknya, pemerintah benar-benar serius untuk menerapkan ""new normal"", demi mempertahankan","ditolak epidemiolog , peneliti , tokoh masyarakat ? ? | serba-serbi mmc 

 nampaknya , pemerintah benar-benar serius menerapkan "" "" , mempertahankan"
"lagu  ,   corona
                virus mematikan

ganas membunuh  jutaan  orang        lewat perkumpulan  dan keramaian .
hindari keramaian,jaga jarak, pake masker,sholat di rumah aja
taati lah protokol kesehatan new normal / normalisasi kehidupan 

https://t.co/hwhpcyhtfd https://t.co/ikctvux3lr","lagu , corona virus mematikan

ganas membunuh jutaan orang lewat perkumpulan dan keramaian .
hindari keramaian,jaga jarak, pake masker,sholat di rumah aja
taati lah protokol kesehatan / normalisasi kehidupan","lagu , corona virus mematikan

ganas membunuh jutaan orang lewat perkumpulan dan keramaian .
hindari keramaian,jaga jarak, pakai masker,sholat di rumah aja
taati lah protokol kesehatan / normalisasi kehidupan","lagu , corona virus mematikan 

 ganas membunuh jutaan orang perkumpulan keramaian . 
 hindari keramaian , jaga jarak , pakai masker , sholat rumah 
 taati protokol kesehatan / normalisasi kehidupan"
"@merapi_news new normal ki koyo awakmu pas ktm dekne ngmg ""kita mulai lagi dari awal ya, dengan lembaran baru""","ki koyo awakmu pas ktm dekne ngmg ""kita mulai lagi dari awal ya, dengan lembaran baru""","ki koyo awakmu pas ktm dekne mengomong ""kita mulai lagi dari awal ya, dengan lembaran baru""","ki koyo awakmu pas ktm dekne mengomong "" , lembaran """
"@firzahusain lagu  ,   corona
                virus mematikan

ganas membunuh  jutaan  orang        lewat perkumpulan  dan keramaian .
hindari keramaian,jaga jarak, pake masker,sholat di rumah aja
taati lah protokol kesehatan new normal / normalisasi kehidupan 

https://t.co/hwhpcyhtfd","lagu , corona virus mematikan

ganas membunuh jutaan orang lewat perkumpulan dan keramaian .
hindari keramaian,jaga jarak, pake masker,sholat di rumah aja
taati lah protokol kesehatan / normalisasi kehidupan","lagu , corona virus mematikan

ganas membunuh jutaan orang lewat perkumpulan dan keramaian .
hindari keramaian,jaga jarak, pakai masker,sholat di rumah aja
taati lah protokol kesehatan / normalisasi kehidupan","lagu , corona virus mematikan 

 ganas membunuh jutaan orang perkumpulan keramaian . 
 hindari keramaian , jaga jarak , pakai masker , sholat rumah 
 taati protokol kesehatan / normalisasi kehidupan"
daffa naufal membagi opini dan solusi terkiat new normal https://t.co/dxus3meca3,daffa naufal membagi opini dan solusi terkiat,daffa naufal membagi opini dan solusi terkiat,daffa naufal membagi opini solusi terkiat
rakor pra new normal https://t.co/alk7h64ugj via kec.pleret,rakor pra via kec.pleret,rakor pra via kec.pleret,rakor pra via kec.pleret
inilah kunci menuju new normal yang tak bisa dihindari. artikel keren dari maharani ayu shandra https://t.co/nul9wbpz5r,inilah kunci menuju yang tak bisa dihindari. artikel keren dari maharani ayu shandra,inilah kunci menuju yang tak bisa dihindari. artikel keren dari maharani ayu shandra,kunci dihindari . artikel keren maharani ayu shandra
"lagu  ,   corona
                virus mematikan

ganas membunuh  jutaan  orang        lewat perkumpulan  dan keramaian .
hindari keramaian,jaga jarak, pake masker,sholat di rumah aja
taati lah protokol kesehatan new normal / normalisasi kehidupan 

https://t.co/hwhpcyhtfd https://t.co/la4c3qbscm","lagu , corona virus mematikan

ganas membunuh jutaan orang lewat perkumpulan dan keramaian .
hindari keramaian,jaga jarak, pake masker,sholat di rumah aja
taati lah protokol kesehatan / normalisasi kehidupan","lagu , corona virus mematikan

ganas membunuh jutaan orang lewat perkumpulan dan keramaian .
hindari keramaian,jaga jarak, pakai masker,sholat di rumah aja
taati lah protokol kesehatan / normalisasi kehidupan","lagu , corona virus mematikan 

 ganas membunuh jutaan orang perkumpulan keramaian . 
 hindari keramaian , jaga jarak , pakai masker , sholat rumah 
 taati protokol kesehatan / normalisasi kehidupan"
"new normal, pasangan yang tak tinggal serumah dilarang bercinta https://t.co/ukkblwazqw","normal, pasangan yang tak tinggal serumah dilarang bercinta","normal, pasangan yang tak tinggal serumah dilarang bercinta",", pasangan tinggal serumah dilarang bercinta"
"@vivacoid lagu  ,   corona
                virus mematikan

ganas membunuh  jutaan  orang        lewat perkumpulan  dan keramaian .
hindari keramaian,jaga jarak, pake masker,sholat di rumah aja
taati lah protokol kesehatan new normal / normalisasi kehidupan 

https://t.co/hwhpcyhtfd","lagu , corona virus mematikan

ganas membunuh jutaan orang lewat perkumpulan dan keramaian .
hindari keramaian,jaga jarak, pake masker,sholat di rumah aja
taati lah protokol kesehatan / normalisasi kehidupan","lagu , corona virus mematikan

ganas membunuh jutaan orang lewat perkumpulan dan keramaian .
hindari keramaian,jaga jarak, pakai masker,sholat di rumah aja
taati lah protokol kesehatan / normalisasi kehidupan","lagu , corona virus mematikan 

 ganas membunuh jutaan orang perkumpulan keramaian . 
 hindari keramaian , jaga jarak , pakai masker , sholat rumah 
 taati protokol kesehatan / normalisasi kehidupan"
"piye lur nikmat a new normal e?

onok sing reaktif jare 'halah mek reaktif, ga akirat iku durung mesti positif'

ngeles ae koyo welud","piye lur nikmat a e?

onok sing reaktif jare 'halah mek reaktif, ga akirat iku durung mesti positif'

ngeles ae koyo welud","piye lur nikmat a e?

onok sing reaktif jare 'halah mek reaktif, enggak akirat iku durung mesti positif'

ngeles saja koyo welud","piye lur nikmat a e ? 

 onok sing reaktif jare ' halah mek reaktif , akirat iku durung mesti positif ' 

 ngeles koyo welud"
"jakarta, petrominer â€“ mantan wakil menteri esdm @archandra tahar, yang sekarang menjabat komisaris utama pgn, bersama ketua dewan masjid indonesia (dmi) @pak_jk melaksanakan shalat jumâ€™at perdana pada masa new normal di masjid agung al azhar, jakarta jumâ€™at (5/6). https://t.co/ysdjz7og7w","jakarta, petrominer â€“ mantan wakil menteri esdm tahar, yang sekarang menjabat komisaris utama pgn, bersama ketua dewan masjid indonesia (dmi) melaksanakan shalat jumâ€™at perdana pada masa di masjid agung al azhar, jakarta jumâ€™at (5/6).","jakarta, petrominer â€“ mantan wakil menteri esdm tahar, yang sekarang menjabat komisaris utama pgn, bersama ketua dewan masjid indonesia (dmi) melaksanakan shalat jumâ€™at perdana pada masa di masjid agung al azhar, jakarta jumâ€™at (5/6).","jakarta , petrominer â€“ mantan wakil menteri esdm tahar , menjabat komisaris utama pgn , ketua dewan masjid indonesia ( dmi ) melaksanakan shalat Jumat perdana masjid agung al azhar , jakarta Jumat ( 5 / 6 ) ."
"#infopolsekbadau
@polsek_badau
...
selamat pagi sobat polri, tetap semagat melakukan aktifitas. yuk sama-sama kita perhatikan protokol kesehatan dalam rangka menyongsong tatanan kehidupan baru atau new normal
.
.
. https://t.co/s50kuujmgy","pagi sobat polri, tetap semagat melakukan aktifitas. yuk sama-sama kita perhatikan protokol kesehatan dalam rangka menyongsong tatanan kehidupan baru atau normal
.
.
.","pagi sobat polri, tetap semagat melakukan aktifitas. yuk sama-sama kita perhatikan protokol kesehatan dalam rangka menyongsong tatanan kehidupan baru atau normal
.
.
.","pagi sobat polri , semagat aktifitas . perhatikan protokol kesehatan rangka menyongsong tatanan kehidupan 
 . 
 . 
 ."
new normal? karang taruna desa tembalang tetapÂ berbagi https://t.co/sorr5kdviw,normal? karang taruna desa tembalang tetapÂ berbagi,normal? karang taruna desa tembalang tetapÂ berbagi,? karang taruna desa tembalang    berbagi
ayuni: ini alasan pemerintah terapkan new normal https://t.co/ekaijlzzmc,ayuni: ini alasan pemerintah terapkan,ayuni: ini alasan pemerintah terapkan,ayuni : alasan pemerintah terapkan
@itsaciik kan dah new normal ....,kan dah ....,kan deh ....,deh ....
penasaran gmna malam minggu di era new normal..,penasaran gmna malam minggu di era normal..,penasaran bagaimana malam minggu di era normal..,penasaran malam minggu era ..
"hari ini kita istirahat dulu, refreshing on new normal","hari ini kita istirahat dulu, refreshing on","hari ini kita istirahat dulu, refreshing on","istirahat , refreshing on"
"siaga era new normal

jangan panik ketika melakukan aktivitas/ bekerja di tengah pandemi covid-19.

divisihumaspolri
@indo_pol
ntmc_polri
@poldajateng_
armanachdiat https://t.co/qsddx94k2m","siaga era normal

jangan panik ketika melakukan aktivitas/ bekerja di tengah pandemi","siaga era normal

jangan panik ketika melakukan aktivitas/ bekerja di tengah pandemi","siaga era 

 panik aktivitas/ pandemi"
pemerintah kabupaten intan jaya di papua menyatakan siap menerapkan new normal pada masa pandemi covid-19.  #papuamerahputih #papua opm https://t.co/vnt9ct1ecd,pemerintah kabupaten intan jaya di papua menyatakan siap menerapkan pada masa pandemi covid-19. #papuamerahputih #papua opm,pemerintah kabupaten intan jaya di papua menyatakan siap menerapkan pada masa pandemi covid-19. #papuamerahputih #papua opm,pemerintah kabupaten intan jaya papua menerapkan pandemi covid - 19 . #papuamerahputih #papua opm
"6.6.2020
hikmah pandemic di hri ini adalah gk bingung bagi waktu buat tmn2 yg lagi nikhan hari ini. harusnya ada 5 hajatan hr ini. tapi ternyta alloh itu baik, berhubung anis nya cuma satu ya sudah di new normal semua (alhmdulillah juga pengeluaran tidak membengkak, hikzz)","6.6.2020
hikmah pandemic di hri ini adalah gk bingung bagi waktu buat tmn2 yg lagi nikhan hari ini. harusnya ada 5 hajatan hr ini. tapi ternyta alloh itu baik, berhubung anis nya cuma satu ya sudah di semua (alhmdulillah juga pengeluaran tidak membengkak, hikzz)","6.6.2020
hikmah pandemic di hari ini adalah enggak bingung bagi waktu buat teman-teman yang lagi nikhan hari ini. harusnya ada 5 hajatan hari ini. tapi ternyta allah itu baik, berhubung anis nya cuma satu ya sudah di semua (alhmdulillah juga pengeluaran tidak membengkak, hikzz)","6.6.2020 
 hikmah pandemic bingung teman-teman nikhan . 5 hajatan . ternyta allah , berhubung anis ( alhmdulillah pengeluaran membengkak , hikzz )"
"hallo sobat inovatif ! 

badan eksekutif mahasiswa fakultas hukum universitas muhammadiyah surakarta kabinet inovatif mempersembahkan diskusi publik dengan tema :

â€œmenakar efektivitas new normal ditinjau dari perspektif hukum dan pendidikan"" https://t.co/kcpjuh70dz","hallo sobat inovatif ! badan eksekutif mahasiswa fakultas hukum universitas muhammadiyah surakarta kabinet inovatif mempersembahkan diskusi publik dengan tema :

â€œmenakar efektivitas ditinjau dari perspektif hukum dan pendidikan""","halo sobat inovatif ! badan eksekutif mahasiswa fakultas hukum universitas muhammadiyah surakarta kabinet inovatif mempersembahkan diskusi publik dengan tema :

â€œmenakar efektivitas ditinjau dari perspektif hukum dan pendidikan""","halo sobat inovatif ! badan eksekutif mahasiswa fakultas hukum universitas muhammadiyah surakarta kabinet inovatif mempersembahkan diskusi publik tema : 

 â€œ menakar efektivitas ditinjau perspektif hukum pendidikan """
"setelah pemerintah sedang bersiap untuk melaksanakan new normal (tatanan kehidupan baru) di masa pandemi, sejumlah masyarakat jumat (5/6/2020) kembali mulai melaksanakan ibadah sholat jumat secara berjamaah.

#poldadiy #poldajogja https://t.co/v5z5rircqq","setelah pemerintah sedang bersiap untuk melaksanakan (tatanan kehidupan baru) di masa pandemi, sejumlah masyarakat jumat (5/6/2020) kembali mulai melaksanakan ibadah sholat jumat secara berjamaah.

#poldadiy #poldajogja","setelah pemerintah sedang bersiap untuk melaksanakan (tatanan kehidupan baru) di masa pandemi, sejumlah masyarakat jumat (5/6/2020) kembali mulai melaksanakan ibadah sholat jumat secara berjamaah.

#poldadiy #poldajogja","pemerintah melaksanakan ( tatanan kehidupan ) pandemi , masyarakat jumat ( 5 / 6 / 2020 ) melaksanakan ibadah sholat jumat berjamaah . 

 #poldadiy #poldajogja"
@desixxie tau ihh udah new normal padahal ğŸ˜­ğŸ¤£,tau ihh udah padahal ğŸ˜­ğŸ¤£,tau ih sudah padahal ğŸ˜­ğŸ¤£,tau ih ğŸ˜­ ğŸ¤£
@hnurwahid apa benar jika sholat berjamaah dengan shaaf renggang termasuk new normal ?,apa benar jika sholat berjamaah dengan shaaf renggang termasuk ?,apa benar jika sholat berjamaah dengan shaaf renggang termasuk ?,sholat berjamaah shaaf renggang ?
"setelah pemerintah sedang bersiap untuk melaksanakan new normal (tatanan kehidupan baru) di masa pandemi, sejumlah masyarakat hari ini jumat (5/6/2020) kembali mulai melaksanakan ibadah sholat jumat secaraâ€¦ https://t.co/kbe6mqpx5d","setelah pemerintah sedang bersiap untuk melaksanakan (tatanan kehidupan baru) di masa pandemi, sejumlah masyarakat hari ini jumat (5/6/2020) kembali mulai melaksanakan ibadah sholat jumat secaraâ€¦","setelah pemerintah sedang bersiap untuk melaksanakan (tatanan kehidupan baru) di masa pandemi, sejumlah masyarakat hari ini jumat (5/6/2020) kembali mulai melaksanakan ibadah sholat jumat secaraâ€¦","pemerintah melaksanakan ( tatanan kehidupan ) pandemi , masyarakat jumat ( 5 / 6 / 2020 ) melaksanakan ibadah sholat jumat â€¦"
"@dianaprila new normal kpan tah, mau keretan","kpan tah, mau keretan","kapan tah, mau keretan","tah , keretan"
"marwan jafar sebut new normal, hikmahnya untuk kebangkitan bangsa.
@jokowi
@setkabgoid
@kspgoid
@bnpb_indonesia
@kemenkesri
@marwan_jafar
@ogysugiyono
@rumahmarwan
@dpr_ri
@pdi_perjuangan
@gerindra
@dpr_ri
@mohmahfudmd
@fraksipkb
@fpkb_dprdjateng 
https://t.co/fgvmggzvpp","marwan jafar sebut normal, hikmahnya untuk kebangkitan","marwan jafar sebut normal, hikmahnya untuk kebangkitan","marwan jafar , hikmahnya kebangkitan"
bundesliga 1 pekan ini dibuka kemenangan freiburg atas mÃ¶nchengladbach. nils petersen bikin jokertor lagi. sepertinya new normal udah gak berlaku lagi nih...,bundesliga 1 pekan ini dibuka kemenangan freiburg atas mÃ¶nchengladbach. nils petersen bikin jokertor lagi. sepertinya udah gak berlaku lagi nih...,bundesliga 1 pekan ini dibuka kemenangan freiburg atas mÃ¶nchengladbach. nils petersen bikin jokertor lagi. sepertinya sudah enggak berlaku lagi nih...,bundesliga 1 pekan dibuka kemenangan freiburg mÃ¶nchengladbach . nils petersen bikin jokertor . berlaku ...
"new normal, dinas pariwisata sinjai siapkan sop untuk tempat wisata - suara jelata https://t.co/lt3npfkufj","normal, dinas pariwisata sinjai siapkan sop untuk tempat wisata - suara jelata","normal, dinas pariwisata sinjai siapkan sop untuk tempat wisata - suara jelata",", dinas pariwisata sinjai siapkan sop wisata - suara jelata"
kabaharkam polri : kesadaran masyarakat paling penting dalam penerapan newÂ normal https://t.co/h3tmwrlkpl,kabaharkam polri : kesadaran masyarakat paling penting dalam penerapan newÂ normal,kabaharkam polri : kesadaran masyarakat paling penting dalam penerapan newÂ normal,kabaharkam polri : kesadaran masyarakat penerapan   
"contohnya kemarin, siap2 new normal it aku beli garpu sendok sumpit yg ada tempatnya, mau sekalian beli juga misting yg ada sekat2 buat lauk pauk, aku masukin keranjang dong, pikirku besok aja lah di conya. pas dipikir lagi kyknya aku gak butuh deh misting, ya udah keluar.","contohnya kemarin, siap2 it aku beli garpu sendok sumpit yg ada tempatnya, mau sekalian beli juga misting yg ada sekat2 buat lauk pauk, aku masukin keranjang dong, pikirku besok aja lah di conya. pas dipikir lagi kyknya aku gak butuh deh misting, ya udah keluar.","contohnya kemarin, siap2 itu aku beli garpu sendok sumpit yang ada tempatnya, mau sekalian beli juga misting yang ada sekat2 buat lauk pauk, aku memasuki keranjang dong, pikirku besok saja lah di conya. pas dipikir lagi kayaknya aku enggak butuh deh misting, ya sudah keluar.","contohnya kemarin , siap2 beli garpu sendok sumpit tempatnya , beli misting sekat2 lauk pauk , memasuki keranjang , pikirku besok conya . pas dipikir kayaknya butuh deh misting , ."
"buat apa psbb, mending new normal tapi protokol kesehatan diperketat kaya psbb. percuma penyekatan dan pembatasan jika lebaran masih lihat plat luar daerah mobil pribadi melintas ğŸ˜‚","buat apa psbb, mending tapi protokol kesehatan diperketat kaya psbb. percuma penyekatan dan pembatasan jika lebaran masih lihat plat luar daerah mobil pribadi melintas ğŸ˜‚","buat apa psbb, mending tapi protokol kesehatan diperketat kayak psbb. percuma penyekatan dan pembatasan jika lebaran masih lihat plat luar daerah mobil pribadi melintas ğŸ˜‚","psbb , mending protokol kesehatan diperketat psbb . penyekatan pembatasan lebaran lihat plat daerah mobil pribadi melintas ğŸ˜‚"
"#news: new normal, sekda kota depok hardiono berharap ekonomi  segera pulih https://t.co/icrh7bvmgo | depok news","#news: normal, sekda kota depok hardiono berharap ekonomi segera pulih | depok news","#news: normal, sekda kota depok hardiono berharap ekonomi segera pulih | depok news","#news : , sekda kota depok hardiono berharap ekonomi pulih | depok news"
"@merapi_news new normal
new : baru/anyar
normal : waras

berarti new normal kui kahanan waras anyaranğŸ˜Š","normal
new : baru/anyar
normal : waras

berarti kui kahanan waras anyaranğŸ˜Š","normal
new : baru/anyar
normal : waras

berarti kui kahanan waras anyaranğŸ˜Š","
 : / anyar 
 : waras 

 kui kahanan waras anyaran ğŸ˜Š"
"@merapi_news new normal ki kembali ke aktifitas normal dengan cara main yang baru min, tapinek newsahke kuwi nageh utang tapi sik ditageh maleh dadi galak ğŸ˜","ki kembali ke aktifitas dengan cara main yang baru min, tapinek newsahke kuwi nageh utang tapi sik ditageh maleh dadi galak ğŸ˜","ki kembali ke aktifitas dengan cara main yang baru min, tapinek newsahke kuwi nageh utang tapi sik ditageh maleh dadi galak ğŸ˜","ki aktifitas main min , tapinek newsahke kuwi nageh utang sik ditageh maleh dadi galak ğŸ˜"
@bnopel @82arfun ketika new normal nanti hal seperti ini akan dianggap biasa..,ketika nanti hal seperti ini akan dianggap biasa..,ketika nanti hal seperti ini akan dianggap biasa..,dianggap ..
"@taheggaalfath @arfkrnwan new normal soalnya, jadinya challenge the tradition.","soalnya, jadinya challenge the tradition.","soalnya, jadinya challenge the tradition.",", challenge the tradition ."
"[new normal yang hakiki] 

new normal yang sebenarnya:
1. mencuci kotoran dosa dengan istighfar, mohon ampun kepada allah.
2. menjaga jarak agar diri selalu terjauh dari syirik, kufur, bidâ€™ah, maksiat &amp; segalaâ€¦ https://t.co/7wb5khbyn9","[new yang hakiki] yang sebenarnya:
1. mencuci kotoran dosa dengan istighfar, mohon ampun kepada allah.
2. menjaga jarak agar diri selalu terjauh dari syirik, kufur, bidâ€™ah, maksiat &amp; segalaâ€¦","[new yang hakiki] yang sebenarnya:
1. mencuci kotoran dosa dengan istighfar, mohon ampun kepada allah.
2. menjaga jarak agar diri selalu terjauh dari syirik, kufur, bidâ€™ah, maksiat &amp; segalaâ€¦","[ hakiki ] : 
 1 . mencuci kotoran dosa istighfar , mohon ampun allah . 
 2 . menjaga jarak terjauh syirik , kufur , bidâ€™ah , maksiat & amp ; â€¦"
"@partaisocmed terus ngerti ga maksud new normal?
di mana yg berhasil?","terus ngerti ga maksud normal?
di mana yg berhasil?","terus mengerti enggak maksud normal?
di mana yang berhasil?","mengerti maksud ? 
 berhasil ?"
"meraih kemenangan di new normal
- -
.
setiap orang yang lahir dari allah di dalam kristus adalah pemenang (1 yohanes 5:1-5). akan tetapi tuhan tidak pernah memberikan kemenangan ke tangan orang percaya begitu saja,â€¦ https://t.co/u8jjzavm6h","meraih kemenangan di normal
- -
.
setiap orang yang lahir dari allah di dalam kristus adalah pemenang (1 yohanes 5:1-5). akan tetapi tuhan tidak pernah memberikan kemenangan ke tangan orang percaya begitu saja,â€¦","meraih kemenangan di normal
- -
.
setiap orang yang lahir dari allah di dalam kristus adalah pemenang (1 yohanes 5:1-5). akan tetapi tuhan tidak pernah memberikan kemenangan ke tangan orang percaya begitu saja,â€¦","meraih kemenangan 
 - - 
 . 
 orang lahir allah kristus pemenang ( 1 yohanes 5:1 - 5 ) . tuhan kemenangan tangan orang percaya , â€¦"
"jelang new normal, jokowi tiba-tiba akui pemerintah belum bisa kendalikan virus corona, ada apa?
ğŸ‘‰ada presiden labil
ğŸ‘‰ada jiwa yg labil
ğŸ‘‰ada pikiran yg labil
ğŸ‘‰negara tdk stabil. https://t.co/8limo2gpws","jelang normal, jokowi tiba-tiba akui pemerintah belum bisa kendalikan virus corona, ada apa?
ğŸ‘‰ada presiden labil
ğŸ‘‰ada jiwa yg labil
ğŸ‘‰ada pikiran yg labil
ğŸ‘‰negara tdk stabil.","jelang normal, jokowi tiba-tiba akui pemerintah belum bisa kendalikan virus corona, ada apa?
ğŸ‘‰ada presiden labil
ğŸ‘‰ada jiwa yang labil
ğŸ‘‰ada pikiran yang labil
ğŸ‘‰negara tidak stabil.","jelang , jokowi akui pemerintah kendalikan virus corona , ? 
 ğŸ‘‰ presiden labil 
 ğŸ‘‰ jiwa labil 
 ğŸ‘‰ pikiran labil 
 ğŸ‘‰ negara stabil ."
"ape take away kopi ae maju mundur ndredek cah, ndelok story instagram tibakno neng tulungagung akeh seng wes podo nongki-nongki ngopi to. wes new normal tibake.","ape take away kopi ae maju mundur ndredek cah, ndelok story instagram tibakno neng tulungagung akeh seng wes podo nongki-nongki ngopi to. wes tibake.","apa take away kopi saja maju mundur ndredek cah, ndelok story instagram tibakno neng tulungagung akeh seng wes podo nongki-nongki ngopi to. wes tibake.","take away kopi maju mundur ndredek cah , ndelok story instagram tibakno neng tulungagung akeh seng wes podo nongki - nongki ngopi to . wes tibake ."
"new normal ditolak epidemiolog, peneliti, tokoh dan masyarakat??
nampaknya, pemerintah benar-benar serius untuk menerapkan ""new normal"", demi mempertahankan ekonomi. new normal diterapkan di tengah kondisi kurva covid-19 belum menampakkan mencapai puncak. 
https://t.co/orxntpq8wq","ditolak epidemiolog, peneliti, tokoh dan masyarakat??
nampaknya, pemerintah benar-benar serius untuk menerapkan ""new normal"", demi mempertahankan ekonomi. diterapkan di tengah kondisi kurva covid-19 belum menampakkan mencapai puncak.","ditolak epidemiolog, peneliti, tokoh dan masyarakat??
nampaknya, pemerintah benar-benar serius untuk menerapkan ""new normal"", demi mempertahankan ekonomi. diterapkan di tengah kondisi kurva covid-19 belum menampakkan mencapai puncak.","ditolak epidemiolog , peneliti , tokoh masyarakat ? ? 
 nampaknya , pemerintah benar-benar serius menerapkan "" "" , mempertahankan ekonomi . diterapkan kondisi kurva covid - 19 menampakkan mencapai puncak ."
"sempat kesel sama new normal yang kayaknya buru-buru diterapkan. tapi karena satu dan lain hal setelah baca-baca dan mengamati tren di tiap pemda, jadi optimis dengan new normal. 

seneng banget liat di jakarta dan jabar mulai ada dikit-dikit pergerakan sosial ekonomi. ayo bisa!","sempat kesel sama yang kayaknya buru-buru diterapkan. tapi karena satu dan lain hal setelah baca-baca dan mengamati tren di tiap pemda, jadi optimis dengan normal. seneng banget liat di jakarta dan jabar mulai ada dikit-dikit pergerakan sosial ekonomi. ayo bisa!","sempat kesel sama yang kayaknya buru-buru diterapkan. tapi karena satu dan lain hal setelah baca-baca dan mengamati tren di tiap pemda, jadi optimis dengan normal. senang banget lihat di jakarta dan jabar mulai ada dikit-dikit pergerakan sosial ekonomi. ayo bisa!","kesel kayaknya buru-buru diterapkan . baca - baca mengamati tren pemda , optimis . senang lihat jakarta jabar dikit - dikit pergerakan sosial ekonomi . ayo !"
"good morniiing jakartans! weekend gini waktunya ngobrol bareng iwan, mita, vecky dooong.

skala 1-10 berapa siap sih kamu menghadapi ""new normal"" yg udah di depan mata ini?
#spartajakfm","good morniiing jakartans! weekend gini waktunya ngobrol bareng iwan, mita, vecky dooong.

skala 1-10 berapa siap sih kamu menghadapi ""new normal"" yg udah di depan mata ini?
#spartajakfm","good morniiing jakartans! weekend begini waktunya mengobrol bareng iwan, mita, vecky dooong.

skala 1-10 berapa siap sih kamu menghadapi ""new normal"" yang sudah di depan mata ini?
#spartajakfm","good morniiing jakartans ! weekend mengobrol bareng iwan , mita , vecky dooong . 

 skala 1 - 10 menghadapi "" "" mata ? 
 #spartajakfm"
"alhamdulillah... pak @aniesbaswedan masih  memperpanjang psbb.

yaa.. sesuai anjuran bbrp ahli kesehatan, ahli epidemiologi. bahwa new normal, baru bisa dibicarakan sekitar juni minggu ke 3/4. dan beliau mendengarkanya.

bukan ahli ekonomi ataupun politik yg dijadikan rujukan! https://t.co/ficjmlqz8c","alhamdulillah... pak masih memperpanjang psbb.

yaa.. sesuai anjuran bbrp ahli kesehatan, ahli epidemiologi. bahwa normal, baru bisa dibicarakan sekitar juni minggu ke 3/4. dan beliau mendengarkanya.

bukan ahli ekonomi ataupun politik yg dijadikan rujukan!","alhamdulillah... pak masih memperpanjang psbb.

yaa.. sesuai anjuran beberapa ahli kesehatan, ahli epidemiologi. bahwa normal, baru bisa dibicarakan sekitar juni minggu ke 3/4. dan beliau mendengarkanya.

bukan ahli ekonomi ataupun politik yang dijadikan rujukan!","alhamdulillah ... memperpanjang psbb . 

 yaa .. sesuai anjuran ahli kesehatan , ahli epidemiologi . , dibicarakan juni minggu 3 / 4 . beliau mendengarkanya . 

 ahli ekonomi politik dijadikan rujukan !"
"hadapi new normal, pemerintah beri stimulus pemulihan sektorÂ manufaktur https://t.co/8wbg8cwjcb","hadapi normal, pemerintah beri stimulus pemulihan sektorÂ manufaktur","hadapi normal, pemerintah beri stimulus pemulihan sektorÂ manufaktur","hadapi , pemerintah stimulus pemulihan sektor    manufaktur"
"manusia sebatas usaha, hasil akhirnya adalah urusan yang maha kuasa. https://t.co/2uwsemcktz","manusia sebatas usaha, hasil akhirnya adalah urusan yang maha kuasa.","manusia sebatas usaha, hasil akhirnya adalah urusan yang maha kuasa.","manusia sebatas usaha , hasil urusan maha kuasa ."
@merapi_news new normal itu hanya sesuatu yg normal bagi negara yg beradab,itu hanya sesuatu yg bagi negara yg beradab,itu hanya sesuatu yang bagi negara yang beradab,negara beradab
kemenperin: industri makanan dan minuman siap jalani tatanan newÂ normal https://t.co/x4188wmtmx,kemenperin: industri makanan dan minuman siap jalani tatanan newÂ normal,kemenperin: industri makanan dan minuman siap jalani tatanan newÂ normal,kemenperin : industri makanan minuman jalani tatanan   
selamat pagi dihari sabtu terahir memasuki fase new normal baru,selamat pagi dihari sabtu terahir memasuki fase baru,selamat pagi dihari sabtu terahir memasuki fase baru,selamat pagi dihari sabtu terahir memasuki fase
"persiapan salat jumat pertama di masa new normal

https://t.co/qnszzaqf8b",persiapan salat jumat pertama di masa,persiapan salat jumat pertama di masa,persiapan salat jumat
menuju new normal apa yg mo lu lakuin?,menuju apa yg mo lu lakuin?,menuju apa yang mau lu lakuin?,lakuin ?
"""ribet banget nih ah new normal..new normal.""
.
namanya juga 'new', mesti adaptasi.
malah kalo di pikiran aku ya, hand sanitizer dan masker itu semacam survival kits ğŸ˜…
.
ingin survive, ya beradaptasi.
tidak lupa, sedekah menolak bencana ğŸ‘ğŸ¼","""ribet banget nih ah normal..new normal.""
.
namanya juga 'new', mesti adaptasi.
malah kalo di pikiran aku ya, hand sanitizer dan masker itu semacam survival kits ğŸ˜…
.
ingin survive, ya beradaptasi.
tidak lupa, sedekah menolak bencana ğŸ‘ğŸ¼","""ribet banget nih ah normal..new normal.""
.
namanya juga 'new', mesti adaptasi.
malah kalo di pikiran aku ya, hand sanitizer dan masker itu semacam survival kits ğŸ˜…
.
ingin survive, ya beradaptasi.
tidak lupa, sedekah menolak bencana ğŸ‘ğŸ¼",""" ribet ah .. . "" 
 . 
 namanya ' ' , mesti adaptasi . 
 pikiran , hand sanitizer masker survival kits ğŸ˜… 
 . 
 survive , beradaptasi . 
 lupa , sedekah menolak bencana ğŸ‘ ğŸ¼"
"selamat pagi kawan ğŸŒ¤ï¸
semangat beraktivitas menuju new normal dan tetap patuhi protokol kesehatan. 
stay tune di fm 91.2 radio kota batik news interaktif solutif
ğŸ“»
sampaikan atensi anda melalui call centre â˜ï¸(0285) 424474 serta sms/wa ğŸ“² 0855 42000 912
#news #berita #pekalongan https://t.co/65dtrvdnu0","selamat pagi kawan ğŸŒ¤ï¸
semangat beraktivitas menuju dan tetap patuhi protokol kesehatan. stay tune di fm 91.2 radio kota batik news interaktif solutif
ğŸ“»
sampaikan atensi anda melalui call centre â˜ï¸(0285) 424474 serta sms/wa ğŸ“² 0855 42000 912
#news #berita #pekalongan","selamat pagi kawan ğŸŒ¤ï¸
semangat beraktivitas menuju dan tetap patuhi protokol kesehatan. stay tune di fm 91.2 radio kota batik news interaktif solutif
ğŸ“»
sampaikan atensi anda melalui call centre â˜ï¸(0285) 424474 serta sms/wa ğŸ“² 0855 42000 912
#news #berita #pekalongan","selamat pagi kawan ğŸŒ¤ ï¸ 
 semangat beraktivitas patuhi protokol kesehatan . stay tune fm 91.2 radio kota batik news interaktif solutif 
 ğŸ“» 
 atensi call centre â˜ ï¸(0285 ) 424474 sms / wa ğŸ“² 0855 42000 912 
 #news #berita #pekalongan"
@bungsu_mamah04 gue jg ikut new normal koq https://t.co/yeiluss4ev,gue jg ikut koq,gue juga ikut kok,
@aniesbaswedan selamat jakarta akan melakukan new normal..,selamat jakarta akan melakukan normal..,selamat jakarta akan melakukan normal..,selamat jakarta ..
"udah mulai new normal,  koyo atiku sek wes mulai new normalğŸ˜‚","udah mulai normal, koyo atiku sek wes mulai normalğŸ˜‚","sudah mulai normal, koyo atiku sek wes mulai normalğŸ˜‚",", koyo atiku sek wes ğŸ˜‚"
seneng bgt tidurku udah normal lagi. tidur jam 9 bangun jam 5. wkwkwk mungkin ini new normal?,seneng bgt tidurku udah lagi. tidur jam 9 bangun jam 5. wkwkwk mungkin ini normal?,senang banget tidurku sudah lagi. tidur jam 9 bangun jam 5. wkwkwk mungkin ini normal?,senang tidurku . tidur jam 9 bangun jam 5 . wkwkwk ?
"buka saat new normal, restoran pekerjakan robot https://t.co/5gg95bhsvo","buka saat normal, restoran pekerjakan robot","buka saat normal, restoran pekerjakan robot","buka , restoran pekerjakan robot"
"[iklan] live muslimah bicara 
trend global ""new normal""
ğŸ‘‡ğŸ¼
hari ini
ğŸ‘‡ğŸ¼
https://t.co/lj4zbm85hw","[iklan] live muslimah bicara trend global ""new normal""
ğŸ‘‡ğŸ¼
hari","[iklan] live muslimah bicara trend global ""new normal""
ğŸ‘‡ğŸ¼
hari","[ iklan ] live muslimah bicara trend global "" "" 
 ğŸ‘‡ ğŸ¼ 
"
"@merapi_news new normal ki tanda aku dilut neh iso muncak neh slurdddd~, menowo wk","ki tanda aku dilut neh iso muncak neh slurdddd~, menowo wk","ki tanda aku dilut nih iso muncak nih slurdddd~, menowo waktu","ki tanda dilut iso muncak slurdddd~ , menowo"
@pak_inggi analisa dan prediksi sunda empire sangatlah tepat. dunia butuh tatanan baru. dan hal itu dibuktikan sekarang mulai pemberlakuan new normal.,analisa dan prediksi sunda empire sangatlah tepat. dunia butuh tatanan baru. dan hal itu dibuktikan sekarang mulai pemberlakuan normal.,analisa dan prediksi sunda empire sangatlah tepat. dunia butuh tatanan baru. dan hal itu dibuktikan sekarang mulai pemberlakuan normal.,analisa prediksi sunda empire . dunia butuh tatanan . dibuktikan pemberlakuan .
"kalau seandainya pahit-pahitnya harus menghadapi new normal dengan keadaan kasus covid yang masih terus meningkat, terus pemerintah yang terhormat menyentil rakyatnya dengan kebijakan yang tidak pro rakyat, apakah aksi masih harus jaga jarak 1 meter? wkwkwkwkwkwk.","kalau seandainya pahit-pahitnya harus menghadapi dengan keadaan kasus covid yang masih terus meningkat, terus pemerintah yang terhormat menyentil rakyatnya dengan kebijakan yang tidak pro rakyat, apakah aksi masih harus jaga jarak 1 meter? wkwkwkwkwkwk.","kalau seandainya pahit-pahitnya harus menghadapi dengan keadaan kasus covid yang masih terus meningkat, terus pemerintah yang terhormat menyentil rakyatnya dengan kebijakan yang tidak pro rakyat, apakah aksi masih harus jaga jarak 1 meter? wkwkwkwkwkwk.","seandainya pahit - pahitnya menghadapi covid meningkat , pemerintah terhormat menyentil rakyatnya kebijakan pro rakyat , aksi jaga jarak 1 meter ? wkwkwkwkwkwk ."
@ariyfebri1 @partaisocmed new normal = udah pasrah ğŸ¤£ğŸ¤£ğŸ¤£,= udah pasrah ğŸ¤£ğŸ¤£ğŸ¤£,= sudah pasrah ğŸ¤£ğŸ¤£ğŸ¤£,= pasrah ğŸ¤£ ğŸ¤£ ğŸ¤£
enam destinasi wisata di kab pasuruan siap jadi pilot project untuk buka saat fase new normal https://t.co/rqhgttxt5o,enam destinasi wisata di kab pasuruan siap jadi pilot project untuk buka saat fase,enam destinasi wisata di kab pasuruan siap jadi pilot project untuk buka saat fase,enam destinasi wisata kab pasuruan pilot project buka fase
apa apaan three lebih kencang dari biznet.. nerbener new normal,apa apaan three lebih kencang dari biznet.. nerbener,apa apaan three lebih kencang dari biznet.. nerbener,three kencang biznet .. nerbener
"2 bulan wfh jadi glowing
2 hari new normal jadi belang lagi","2 bulan wfh jadi glowing
2 hari jadi belang lagi","2 bulan wfh jadi glowing
2 hari jadi belang lagi","2 wfh glowing 
 2 belang"
"#covidãƒ¼19 lagi. tak ada new normal,pengurangan di tambah 50% https://t.co/9eu92hlace","#covidãƒ¼19 lagi. tak ada normal,pengurangan di tambah 50%","#covidãƒ¼19 lagi. tak ada normal,pengurangan di tambah 50%","#covidãƒ¼19 . , pengurangan 50 %"
"membuka masa new normal ini, kementerian pertanian melakukan pelepasan perdana ekspor buah nanas segar asal kabupaten pemalang, jawa tengah (jateng) ke jeddah, arab saudi: https://t.co/fvswgoal0p","membuka masa ini, kementerian pertanian melakukan pelepasan perdana ekspor buah nanas segar asal kabupaten pemalang, jawa tengah (jateng) ke jeddah, arab saudi:","membuka masa ini, kementerian pertanian melakukan pelepasan perdana ekspor buah nanas segar asal kabupaten pemalang, jawa tengah (jateng) ke jeddah, arab saudi:","membuka , kementerian pertanian pelepasan perdana ekspor buah nanas segar kabupaten pemalang , jawa ( jateng ) jeddah , arab saudi :"
"indonesia sudah mulai ""new normal"". 
tapi sikap dia masih ""gak normal"".
ğŸ˜Š
#newnormal2020","indonesia sudah mulai ""new normal"". tapi sikap dia masih ""gak normal"".
ğŸ˜Š
#newnormal2020","indonesia sudah mulai ""new normal"". tapi sikap dia masih ""gak normal"".
ğŸ˜Š
#newnormal2020","indonesia "" "" . sikap "" "" . 
 ğŸ˜Š 
 #newnormal2020"
"new normal, sekda kota depok hardiono berharap ekonomi segeraÂ pulih https://t.co/xvebvc4wjb","normal, sekda kota depok hardiono berharap ekonomi segeraÂ pulih","normal, sekda kota depok hardiono berharap ekonomi segeraÂ pulih",", sekda kota depok hardiono berharap ekonomi    pulih"
kapan new normal di daerahkuğŸ˜ª,kapan di daerahkuğŸ˜ª,kapan di daerahkuğŸ˜ª,daerahku ğŸ˜ª
bulog subdivre sorong siap lakukan penyesuaian saat newÂ normal https://t.co/vwfoitpndm,bulog subdivre sorong siap lakukan penyesuaian saat newÂ normal,bulog subdivre sorong siap lakukan penyesuaian saat newÂ normal,bulog subdivre sorong lakukan penyesuaian   
@panca66 penyesuaian thp new normal... ğŸ¤­,penyesuaian thp normal... ğŸ¤­,penyesuaian thp normal... ğŸ¤­,penyesuaian thp ... ğŸ¤­
"#infowisata selain bali, ntb sudah siapkan tatanan baru new normal pariwisata https://t.co/l8zkfrhggo","#infowisata selain bali, ntb sudah siapkan tatanan baru pariwisata","#infowisata selain bali, ntb sudah siapkan tatanan baru pariwisata","#infowisata bali , ntb siapkan tatanan pariwisata"
"halo pemerintah, kalo gegabah new normal bisa jadi kaya gini lho https://t.co/ljwvvpxmjz","halo pemerintah, kalo gegabah bisa jadi kaya gini lho","halo pemerintah, kalo gegabah bisa jadi kayak begini lho","halo pemerintah , gegabah"
@vivacoid kirain new normal harga bensinnya yg turun. ğŸ˜…ğŸ˜…,kirain harga bensinnya yg turun. ğŸ˜…ğŸ˜…,mengira harga bensinnya yang turun. ğŸ˜…ğŸ˜…,harga bensinnya turun . ğŸ˜… ğŸ˜…
mulai besok senin udah new normal. jam kantor pun kembali normal. mari menikmati weekend kali ini....,mulai besok senin udah normal. jam kantor pun kembali normal. mari menikmati weekend kali ini....,mulai besok senin sudah normal. jam kantor pun kembali normal. mari menikmati weekend kali ini....,besok senin . jam kantor . mari menikmati weekend kali ....
"@tofatofa_id @detikcom @aniesbaswedan @dennysiregar7 kita tinggal tunggu keberanian @detikcom untuk melaporkan @dennysiregar7 , gue pengen tahu siapa sih backingnya, ayo detikcom jgn ragu2, pelan2 kita menuju new normal .... ğŸ˜‚","kita tinggal tunggu keberanian untuk melaporkan , gue pengen tahu siapa sih backingnya, ayo detikcom jgn ragu2, pelan2 kita menuju .... ğŸ˜‚","kita tinggal tunggu keberanian untuk melaporkan , gue pengin tahu siapa sih backingnya, ayo detikcom jangan ragu2, pelan2 kita menuju .... ğŸ˜‚","tinggal tunggu keberanian melaporkan , pengin backingnya , ayo detikcom ragu2 , pelan2 .... ğŸ˜‚"
industri film gembira dengan kehadiran 'new normal' https://t.co/dvikxt1uro,industri film gembira dengan kehadiran 'new normal',industri film gembira dengan kehadiran 'new normal',industri film gembira kehadiran ' '
"selain bali, ntb sudah siapkan tatanan baru new normal pariwisata https://t.co/sjqxaocvf9","selain bali, ntb sudah siapkan tatanan baru pariwisata","selain bali, ntb sudah siapkan tatanan baru pariwisata","bali , ntb siapkan tatanan pariwisata"
kabupaten sumbawa belum direkomendasikan untuk new normal https://t.co/eo9mblj0m4,kabupaten sumbawa belum direkomendasikan untuk,kabupaten sumbawa belum direkomendasikan untuk,kabupaten sumbawa direkomendasikan
"kata2 marco ini menjelaskan bahwa new normal dunia perbajak lautan segera diterapkan 

#onepiece981 https://t.co/q2cwvxqwmr",kata2 marco ini menjelaskan bahwa dunia perbajak lautan segera diterapkan #onepiece981,kata-kata marco ini menjelaskan bahwa dunia perbajak lautan segera diterapkan #onepiece981,kata-kata marco dunia perbajak lautan diterapkan #onepiece981
sudah new normal yaa ... w liat ramai amat yang update nongkrong di berbagai kota,sudah yaa ... w liat ramai amat yang update nongkrong di berbagai kota,sudah ya ... gue lihat ramai amat yang update nongkrong di berbagai kota,... lihat ramai update nongkrong kota
"health detik com: https://t.co/wg5ni6ivcp 10 'new normal' di transjakarta memasuki transisi psbb corona: dalam masa transisi psbb, transjakarta kembali beroperasi secara normal. catat apa saja yang menjadi new normal di transjakarta. https://t.co/q7hd26kdxv","health detik com: 10 'new normal' di transjakarta memasuki transisi psbb corona: dalam masa transisi psbb, transjakarta kembali beroperasi secara normal. catat apa saja yang menjadi di transjakarta.","health detik com: 10 'new normal' di transjakarta memasuki transisi psbb corona: dalam masa transisi psbb, transjakarta kembali beroperasi secara normal. catat apa saja yang menjadi di transjakarta.","health detik com : 10 ' ' transjakarta memasuki transisi psbb corona : transisi psbb , transjakarta beroperasi . catat transjakarta ."
"kasus positif baru masih +700, udah pada sibuk new normal. kegoblogan.","kasus positif baru masih +700, udah pada sibuk normal. kegoblogan.","kasus positif baru masih +700, sudah pada sibuk normal. kegoblogan.","positif +700 , sibuk . kegoblogan ."
"new normal bagiku adalah : 

~ tak ada lagi saling bercerita denganmu
~ tak ada lagi makan berdua denganmu
~ tak ada lagi berpetualang bersama denganmu
~ tak ada lagi chat ucapan ""selamat pagi,"" setelah bangun dan ""selamat malam,"" sebelum tidur olehmu 

that's my new normal...","bagiku adalah : ~ tak ada lagi saling bercerita denganmu
~ tak ada lagi makan berdua denganmu
~ tak ada lagi berpetualang bersama denganmu
~ tak ada lagi chat ucapan ""selamat pagi,"" setelah bangun dan ""selamat malam,"" sebelum tidur olehmu that's my normal...","bagiku adalah : ~ tak ada lagi saling bercerita denganmu
~ tak ada lagi makan berdua denganmu
~ tak ada lagi berpetualang bersama denganmu
~ tak ada lagi chat ucapan ""selamat pagi,"" setelah bangun dan ""selamat malam,"" sebelum tidur olehmu that's my normal...","bagiku : ~ bercerita denganmu 
 ~ makan berdua denganmu 
 ~ berpetualang denganmu 
 ~ chat ucapan "" selamat pagi , "" bangun "" selamat malam , "" tidur olehmu that ' my ..."
"new normal beneran ini, alhamdulillah. akhirnya banyak kerjaan menghampiri...","beneran ini, alhamdulillah. akhirnya banyak kerjaan menghampiri...","benaran ini, alhamdulillah. akhirnya banyak pekerjaan menghampiri...","benaran , alhamdulillah . pekerjaan menghampiri ..."
"jumlah kasus positif meninggal dunia akibat covid semakin tinggi, ekonomi semakin lesu dan melambat, new normal sudah tepatkah? saksikan muslimah bicara edisi spesial  pada ahad, 7 juni 2020 mulai pukul 19.00 wib di channel mmc

https://t.co/bi2udl4bgs","jumlah kasus positif meninggal dunia akibat covid semakin tinggi, ekonomi semakin lesu dan melambat, sudah tepatkah? saksikan muslimah bicara edisi spesial pada ahad, 7 juni 2020 mulai pukul 19.00 wib di channel","jumlah kasus positif meninggal dunia akibat covid semakin tinggi, ekonomi semakin lesu dan melambat, sudah tepatkah? saksikan muslimah bicara edisi spesial pada ahad, 7 juni 2020 mulai pukul 19.00 wib di channel","positif meninggal dunia akibat covid , ekonomi lesu melambat , tepatkah ? saksikan muslimah bicara edisi spesial ahad , 7 juni 2020 19.00 wib channel"
"alhamdulillah back to new normal. mulai sekarang kalo udah kerja normal lagi, gaboleh ada kata â€œngeluhâ€ sekalipun. yg ada harusnya â€œalhamdulillahâ€.","alhamdulillah back to normal. mulai sekarang kalo udah kerja lagi, gaboleh ada kata â€œngeluhâ€ sekalipun. yg ada harusnya â€œalhamdulillahâ€.","alhamdulillah back tapi normal. mulai sekarang kalo sudah kerja lagi, gaboleh ada kata â€œngeluhâ€ sekalipun. yang ada harusnya â€œalhamdulillahâ€.","alhamdulillah back . kerja , gaboleh â€œ ngeluh â€ . â€œ alhamdulillah â€ ."
"iklan new normal 
muslimah berbicara https://t.co/izssewmsaq",iklan muslimah berbicara,iklan muslimah berbicara,iklan muslimah berbicara
"â¡ï¸â¡ï¸ yuk perhatikan tetang covid-19 dalam menjalankan aktifitas sehari - hari ğŸ‘®â€â™‚ï¸ğŸ™
.
.
.
â¡ï¸ himbauan bersatu melawan covid19 di masa new normal dengan :
ğŸ‘‰pakai masker
ğŸ‘‰sering cuci tangan
ğŸ‘‰jaga jarak aman
ğŸ‘‰jagaâ€¦ https://t.co/rcyxbdgo81","â¡ï¸â¡ï¸ yuk perhatikan tetang covid-19 dalam menjalankan aktifitas sehari - hari ğŸ‘®â€â™‚ï¸ğŸ™
.
.
.
â¡ï¸ himbauan bersatu melawan covid19 di masa dengan :
ğŸ‘‰pakai masker
ğŸ‘‰sering cuci tangan
ğŸ‘‰jaga jarak aman
ğŸ‘‰jagaâ€¦","â¡ï¸â¡ï¸ yuk perhatikan tetang covid-19 dalam menjalankan aktifitas sehari - hari ğŸ‘®â€â™‚ï¸ğŸ™
.
.
.
â¡ï¸ himbauan bersatu melawan covid19 di masa dengan :
ğŸ‘‰pakai masker
ğŸ‘‰sering cuci tangan
ğŸ‘‰jaga jarak aman
ğŸ‘‰jagaâ€¦","â¡ ï¸ â¡ ï¸ perhatikan tetang covid - 19 menjalankan aktifitas sehari - ğŸ‘® â€ â™‚ ï¸ ğŸ™ 
 . 
 . 
 . 
 â¡ ï¸ himbauan bersatu melawan covid19 : 
 ğŸ‘‰ pakai masker 
 ğŸ‘‰ cuci tangan 
 ğŸ‘‰ jaga jarak aman 
 ğŸ‘‰ jaga â€¦"
"marwan jafar sebut new normal, hikmahnya untuk kebangkitan bangsa https://t.co/auc90yqfyi","marwan jafar sebut normal, hikmahnya untuk kebangkitan bangsa","marwan jafar sebut normal, hikmahnya untuk kebangkitan bangsa","marwan jafar , hikmahnya kebangkitan bangsa"
"masuki era new normal, 323 mesjidÂ  di tanah datar laksanakan sholat jumatÂ perdana https://t.co/jegdpeqchm","masuki era normal, 323 mesjid di tanah datar laksanakan sholat jumatÂ perdana","masuki era normal, 323 mesjid di tanah datar laksanakan sholat jumatÂ perdana","masuki era , 323 mesjid tanah datar laksanakan sholat jumat    perdana"
"â¡ï¸â¡ï¸ informasi sim ğŸ‘®â€â™‚ï¸ğŸ™
.
.
.
â¡ï¸ himbauan bersatu melawan covid19 di masa new normal dengan :
ğŸ‘‰pakai masker
ğŸ‘‰sering cuci tangan
ğŸ‘‰jaga jarak aman
ğŸ‘‰jaga kesehatan
ğŸ‘‰hindari kumpulÂ² takâ€¦ https://t.co/avzidhylvk","â¡ï¸â¡ï¸ informasi sim ğŸ‘®â€â™‚ï¸ğŸ™
.
.
.
â¡ï¸ himbauan bersatu melawan covid19 di masa dengan :
ğŸ‘‰pakai masker
ğŸ‘‰sering cuci tangan
ğŸ‘‰jaga jarak aman
ğŸ‘‰jaga kesehatan
ğŸ‘‰hindari kumpulÂ² takâ€¦","â¡ï¸â¡ï¸ informasi sim ğŸ‘®â€â™‚ï¸ğŸ™
.
.
.
â¡ï¸ himbauan bersatu melawan covid19 di masa dengan :
ğŸ‘‰pakai masker
ğŸ‘‰sering cuci tangan
ğŸ‘‰jaga jarak aman
ğŸ‘‰jaga kesehatan
ğŸ‘‰hindari kumpulÂ² takâ€¦","â¡ ï¸ â¡ ï¸ informasi sim ğŸ‘® â€ â™‚ ï¸ ğŸ™ 
 . 
 . 
 . 
 â¡ ï¸ himbauan bersatu melawan covid19 : 
 ğŸ‘‰ pakai masker 
 ğŸ‘‰ cuci tangan 
 ğŸ‘‰ jaga jarak aman 
 ğŸ‘‰ jaga kesehatan 
 ğŸ‘‰ hindari kumpulÂ² â€¦"
@putree____ new normal atau engga sama aja gaada bedanya :(,atau engga sama aja gaada bedanya :(,atau enggak sama saja enggak ada bedanya :(,bedanya :(
"new normal 
para pengusaha mulai melakukan perjalanan udaranya karena pekerjaan sudah sangat menunggu untuk di realisasikan.. penjualan perdana, harga tiket pesawat pun kembali membengkak weew","para pengusaha mulai melakukan perjalanan udaranya karena pekerjaan sudah sangat menunggu untuk di realisasikan.. penjualan perdana, harga tiket pesawat pun kembali membengkak weew","para pengusaha mulai melakukan perjalanan udaranya karena pekerjaan sudah sangat menunggu untuk di realisasikan.. penjualan perdana, harga tiket pesawat pun kembali membengkak weew","pengusaha perjalanan udaranya pekerjaan menunggu realisasikan .. penjualan perdana , harga tiket pesawat membengkak weew"
"transisi ke new normal ini agak ribet ya, dan bakalan menambah cucian tiap harinya, hmm tapi ya mau gimana lagi, semoga sehat selalu, karna kalau sakit bakalan lebih ribet lagi dibanding tambahan cucian ğŸ˜‚ğŸ˜‚","transisi ke ini agak ribet ya, dan bakalan menambah cucian tiap harinya, hmm tapi ya mau gimana lagi, semoga sehat selalu, karna kalau sakit bakalan lebih ribet lagi dibanding tambahan cucian ğŸ˜‚ğŸ˜‚","transisi ke ini agak ribet ya, dan bakalan menambah cucian tiap harinya, hmm tapi ya mau bagaimana lagi, semoga sehat selalu, karena kalau sakit bakalan lebih ribet lagi dibanding tambahan cucian ğŸ˜‚ğŸ˜‚","transisi ribet , menambah cucian harinya , hmm , semoga sehat , sakit ribet dibanding tambahan cucian ğŸ˜‚ ğŸ˜‚"
"ayo kita persiapkan diri kita untuk menjalani masa
normal yang baru atau new normal
yaitu merubah perilaku kita untuk tetap menjalankan aktivitas normal sehari-hari dengan menerapkan
protokol kesehatan yang telahâ€¦ https://t.co/dolnhnufoz","ayo kita persiapkan diri kita untuk menjalani masa
normal yang baru atau normal
yaitu merubah perilaku kita untuk tetap menjalankan aktivitas sehari-hari dengan menerapkan
protokol kesehatan yang telahâ€¦","ayo kita persiapkan diri kita untuk menjalani masa
normal yang baru atau normal
yaitu merubah perilaku kita untuk tetap menjalankan aktivitas sehari-hari dengan menerapkan
protokol kesehatan yang telahâ€¦","ayo persiapkan menjalani 
 
 merubah perilaku menjalankan aktivitas sehari-hari menerapkan 
 protokol kesehatan â€¦"
mengapa pesantren kurang siap saat new normal? - https://t.co/ezvwuj59se https://t.co/twty2dsxbg,mengapa pesantren kurang siap saat normal? -,mengapa pesantren kurang siap saat normal? -,pesantren ? -
"[iklan] trend global, ""new normal"" | live muslimah bicara

https://t.co/hibafhdrvh","[iklan] trend global, ""new normal"" | live muslimah","[iklan] trend global, ""new normal"" | live muslimah","[ iklan ] trend global , "" "" | live muslimah"
"berkah new normal! beli rumah diskon 314 juta, cicilan cuma 12 jutaan! https://t.co/bqddpdgdau","berkah normal! beli rumah diskon 314 juta, cicilan cuma 12 jutaan!","berkah normal! beli rumah diskon 314 juta, cicilan cuma 12 jutaan!","berkah ! beli rumah diskon 314 juta , cicilan 12 jutaan !"
@itsaciik new normal = tgl 6.6.2020 kita jadian,= tgl 6.6.2020 kita jadian,= tanggal 6.6.2020 kita jadian,= tanggal 6.6.2020 jadian
menggairahkan kembali ekonomi syariah saat new normal https://t.co/ygwr0opwus,menggairahkan kembali ekonomi syariah saat,menggairahkan kembali ekonomi syariah saat,menggairahkan ekonomi syariah
"@ulfahbakri mungkin dulu poligami masih terlihat dan terdengar tabu, image nya kayak jelek gitu.

tapi, 
di new normal ini mungkin mereka pingin ngasih edukasi kalau sebenernya poligami itu gpp dgn syarat punya ilmu yang memadai. https://t.co/fyu4jb2mhf","mungkin dulu poligami masih terlihat dan terdengar tabu, image nya kayak jelek gitu.

tapi, di ini mungkin mereka pingin ngasih edukasi kalau sebenernya poligami itu gpp dgn syarat punya ilmu yang memadai.","mungkin dulu poligami masih terlihat dan terdengar tabu, image nya kayak jelek gitu.

tapi, di ini mungkin mereka pengin mengasih edukasi kalau sebenarnya poligami itu enggak apa-apa dengan syarat punya ilmu yang memadai.","poligami terdengar tabu , image jelek gitu . 

 , pengin mengasih edukasi poligami apa-apa syarat ilmu memadai ."
"@lelakibugis di makassar tdk ada gunanya izin new normal, apa kalo sudah dipraktekkan mii,","di makassar tdk ada gunanya izin normal, apa kalo sudah dipraktekkan mii,","di makassar tidak ada gunanya izin normal, apa kalo sudah dipraktekkan mii,","makassar gunanya izin , dipraktekkan mii ,"
"@litadelapan yang hubungan antara new normal sm poligami, serius ga ngerti aku tuh wkwkwk ğŸ˜‚ğŸ™ˆ","yang hubungan antara sm poligami, serius ga ngerti aku tuh wkwkwk ğŸ˜‚ğŸ™ˆ","yang hubungan antara sama poligami, serius enggak mengerti aku tuh wkwkwk ğŸ˜‚ğŸ™ˆ","hubungan poligami , serius mengerti wkwkwk ğŸ˜‚ ğŸ™ˆ"
gila perarturan new normal ini kudu 4 jam sebelum berangkat alias hp w  bisa dicas ampe pull 3x,gila perarturan ini kudu 4 jam sebelum berangkat alias hp w bisa dicas ampe pull 3x,gila perarturan ini kudu 4 jam sebelum berangkat alias hp gue bisa dicas sampai pull 3x,gila perarturan kudu 4 jam berangkat alias hp dicas pull 3x
"@ulfahbakri menurutmu gimana dari segi yang mana?
hubungan new normal dgn poligami?
poligaminya sendiri?
atau ibu2 yang share flyer? https://t.co/1oepzqkovb","menurutmu gimana dari segi yang mana?
hubungan dgn poligami?
poligaminya sendiri?
atau ibu2 yang share flyer?","menurutmu bagaimana dari segi yang mana?
hubungan dengan poligami?
poligaminya sendiri?
atau ibu-ibu yang share flyer?","menurutmu segi ? 
 hubungan poligami ? 
 poligaminya ? 
 ibu-ibu share flyer ?"
"welcome to new normal
semoga harga bahan pangan dan kebutuhan lain juga bisa normal ğŸ˜‰ğŸ˜‰","welcome to normal
semoga harga bahan pangan dan kebutuhan lain juga bisa ğŸ˜‰ğŸ˜‰","welcome tapi normal
semoga harga bahan pangan dan kebutuhan lain juga bisa ğŸ˜‰ğŸ˜‰","welcome 
 semoga harga bahan pangan kebutuhan ğŸ˜‰ ğŸ˜‰"
"siap jalankan new normal, 102 daerah matangkan sejumlah protokol kesehatan: sebelum menuju new normal, setiap daerah akan melewati beberapa fase. ""di mana fase awal, fase transisi satu, fase transisi dua, termasuk kepada nanti masuk kepada fase tatananâ€¦ https://t.co/ufcuwcyxsq","siap jalankan normal, 102 daerah matangkan sejumlah protokol kesehatan: sebelum menuju normal, setiap daerah akan melewati beberapa fase. ""di mana fase awal, fase transisi satu, fase transisi dua, termasuk kepada nanti masuk kepada fase tatananâ€¦","siap jalankan normal, 102 daerah matangkan sejumlah protokol kesehatan: sebelum menuju normal, setiap daerah akan melewati beberapa fase. ""di mana fase awal, fase transisi satu, fase transisi dua, termasuk kepada nanti masuk kepada fase tatananâ€¦","jalankan , 102 daerah matangkan protokol kesehatan : , daerah melewati fase . "" fase , fase transisi , fase transisi , masuk fase tatanan â€¦"
"terkait new normal, persistri keluarkan surat himbauan - https://t.co/ezvwuj59se https://t.co/p1kdlakpeh","terkait normal, persistri keluarkan surat himbauan -","terkait normal, persistri keluarkan surat himbauan -","terkait , persistri keluarkan surat himbauan -"
"perpanjangan psbb jakarta tepat, new normal butuh masa transisi - https://t.co/ezvwuj59se https://t.co/jyfx6jekwy","perpanjangan psbb jakarta tepat, butuh masa transisi -","perpanjangan psbb jakarta tepat, butuh masa transisi -","perpanjangan psbb jakarta , butuh transisi -"
jebakan imperialisme di balik istilah new normal - https://t.co/ezvwuj59se https://t.co/ddh5pksyob,jebakan imperialisme di balik istilah -,jebakan imperialisme di balik istilah -,jebakan imperialisme istilah -
"@ismailfahmi ini mungkin istilah yg cukup tepat untuk new normal. istilah resmi yg diminta presiden ri adalah produktif dan aman. kemudian kemarin hasil diskusi pakar dibalik menjadi aman dan produktif, seperti istilah yg biasa kita dengar ""safety first"".","ini mungkin istilah yg cukup tepat untuk normal. istilah resmi yg diminta presiden ri adalah produktif dan aman. kemudian kemarin hasil diskusi pakar dibalik menjadi aman dan produktif, seperti istilah yg biasa kita dengar ""safety first"".","ini mungkin istilah yang cukup tepat untuk normal. istilah resmi yang diminta presiden ri adalah produktif dan aman. kemudian kemarin hasil diskusi pakar dibalik menjadi aman dan produktif, seperti istilah yang biasa kita dengar ""safety first"".","istilah . istilah resmi presiden ri produktif aman . kemarin hasil diskusi pakar dibalik aman produktif , istilah dengar "" safety first "" ."
"jelang new normal, balla kanrejawa berbenah https://t.co/rpithuihmq https://t.co/uft8j4oioq","jelang normal, balla kanrejawa berbenah","jelang normal, balla kanrejawa berbenah","jelang , balla kanrejawa berbenah"
"@elisa_jkt @jatamnas @walhinasional banyak istilah berseliweran dan kadang malah membingungkan ya. saya kira ini istilah yg cukup tepat dan cocok untuk merepresentasikan istilah new normal yg kadang masyarakat menganggapnya sebagai kondisi ""normal"".","banyak istilah berseliweran dan kadang malah membingungkan ya. saya kira ini istilah yg cukup tepat dan cocok untuk merepresentasikan istilah yg kadang masyarakat menganggapnya sebagai kondisi ""normal"".","banyak istilah berseliweran dan kadang malah membingungkan ya. saya kira ini istilah yang cukup tepat dan cocok untuk merepresentasikan istilah yang kadang masyarakat menganggapnya sebagai kondisi ""normal"".","istilah berseliweran kadang membingungkan . istilah cocok merepresentasikan istilah kadang masyarakat menganggapnya kondisi "" "" ."
gubernur jawa timur khofifah indar parawansa meninjau pasar dan kampung tangguh di gresik jelang masa transisi psbb menuju new normal. https://t.co/ettrp5pkud,gubernur jawa timur khofifah indar parawansa meninjau pasar dan kampung tangguh di gresik jelang masa transisi psbb menuju normal.,gubernur jawa timur khofifah indar parawansa meninjau pasar dan kampung tangguh di gresik jelang masa transisi psbb menuju normal.,gubernur jawa timur khofifah indar parawansa meninjau pasar kampung tangguh gresik jelang transisi psbb .
"sains dan suara rakyat diabaikan, aparat diturunkan; ini new normal atau abnormal? â€“ muslimah news - https://t.co/luk4hxvtlh","sains dan suara rakyat diabaikan, aparat diturunkan; ini atau abnormal? â€“ muslimah news -","sains dan suara rakyat diabaikan, aparat diturunkan; ini atau abnormal? â€“ muslimah news -","sains suara rakyat diabaikan , aparat diturunkan ; abnormal ? â€“ muslimah news -"
"tinjau kesiapan new normal, danrem sasar pelaku usaha
https://t.co/8s4g6vhgfc https://t.co/jnbxmrum3m","tinjau kesiapan normal, danrem sasar pelaku","tinjau kesiapan normal, danrem sasar pelaku","tinjau kesiapan , danrem sasar pelaku"
"solat jumaat di masjid sultan haji ahmad shah temerloh, â€œnew normalâ€, kalau dulu rapatkan saf, sekarang jarakkan saf. #pahangsimplyawesome #temerlohunity #lanchangkusayang https://t.co/lu6fo2qsdm","solat jumaat di masjid sultan haji ahmad shah temerloh, â€œnew normalâ€, kalau dulu rapatkan saf, sekarang jarakkan saf. #pahangsimplyawesome #temerlohunity #lanchangkusayang","solat jumaat di masjid sultan haji ahmad shah temerloh, â€œnew normalâ€, kalau dulu rapatkan saf, sekarang jarakkan saf. #pahangsimplyawesome #temerlohunity #lanchangkusayang","solat jumaat masjid sultan haji ahmad shah temerloh , â€œ â€ , rapatkan saf , jarakkan saf . #pahangsimplyawesome #temerlohunity #lanchangkusayang"
"new normal bakal diberlakukan, mari rencanakan pertemuan.","bakal diberlakukan, mari rencanakan pertemuan.","bakal diberlakukan, mari rencanakan pertemuan.","diberlakukan , mari rencanakan pertemuan ."
"the new normal
#likeforlikes @ kota bambu utara https://t.co/otxkwdx69i","the normal
#likeforlikes kota bambu utara","the normal
#likeforlikes kota bambu utara","the 
 #likeforlikes kota bambu utara"
sleman city hall siap menyambut â€œthe new normalâ€ https://t.co/hzkldqfmbj https://t.co/hflbaq4upx,sleman city hall siap menyambut â€œthe normalâ€,sleman city hall siap menyambut â€œthe normalâ€,sleman city hall menyambut â€œ the â€
"tinjau kesiapan new normal, danrem sasar pelakuÂ usaha https://t.co/qafdjr3a4i","tinjau kesiapan normal, danrem sasar pelakuÂ usaha","tinjau kesiapan normal, danrem sasar pelakuÂ usaha","tinjau kesiapan , danrem sasar pelaku    usaha"
"tim sosialisasi new normal aceh timur didukung polisi dan tni, pasar sampai cafe jadi target https://t.co/aljsowpwem","tim sosialisasi aceh timur didukung polisi dan tni, pasar sampai cafe jadi target","tim sosialisasi aceh timur didukung polisi dan tni, pasar sampai cafe jadi target","tim sosialisasi aceh timur didukung polisi tni , pasar cafe target"
persiapan pembukaan tpq saat new normal - https://t.co/ezvwuj59se https://t.co/gnx1wgy0si,persiapan pembukaan tpq saat -,persiapan pembukaan tpq saat -,persiapan pembukaan tpq -
"jangankan ""new normal"", covid-19 pun ada yang belum tahu https://t.co/dzuhkbzjgt","jangankan ""new normal"", covid-19 pun ada yang belum tahu","jangankan ""new normal"", covid-19 pun ada yang belum tahu",""" "" , covid - 19"
perusahaan transportasi online grab dan gojek menyatakan siap mengoperasikan layanan ojek online seiring diterapkannya pembatasan sosial berskala besar atau psbb transisi.  https://t.co/rxfmwsrjtc,perusahaan transportasi online grab dan gojek menyatakan siap mengoperasikan layanan ojek online seiring diterapkannya pembatasan sosial berskala besar atau psbb transisi.,perusahaan transportasi online grab dan gojek menyatakan siap mengoperasikan layanan ojek online seiring diterapkannya pembatasan sosial berskala besar atau psbb transisi.,perusahaan transportasi online grab gojek mengoperasikan layanan ojek online seiring diterapkannya pembatasan sosial berskala psbb transisi .
"hubungan dg new normal dengan poligami tuh apa coba? ğŸ˜‚ğŸ˜‚ğŸ˜‚
jujur selalu takut sih kalo dpt flyer kayak gini, mana di share lg sm ibuÂ² kader di grup wa wkwk https://t.co/9fgstu5yxs","hubungan dg dengan poligami tuh apa coba? ğŸ˜‚ğŸ˜‚ğŸ˜‚
jujur selalu takut sih kalo dpt flyer kayak gini, mana di share lg sm ibuÂ² kader di grup wa wkwk","hubungan dengan dengan poligami tuh apa coba? ğŸ˜‚ğŸ˜‚ğŸ˜‚
jujur selalu takut sih kalo dapat flyer kayak gini, mana di share lagi sama ibuÂ² kader di grup wa wkwk","hubungan poligami coba ? ğŸ˜‚ ğŸ˜‚ ğŸ˜‚ 
 jujur takut flyer gini , share ibuÂ² kader grup wa wkwk"
"#infopolsekbadau 
@polsek_badau
...
new normal adalah tetap beraktivitas namun selalu memperhatikan protokol kesehatan.

sobat polri, yuk sama-sama kita perhatikan protokol kesehatan dalam rangka menyongsong tatanan kehidupan baru atau new normal.
#edukasipolri
.
. https://t.co/i1spgn6vlj","#infopolsekbadau adalah tetap beraktivitas namun selalu memperhatikan protokol kesehatan.

sobat polri, yuk sama-sama kita perhatikan protokol kesehatan dalam rangka menyongsong tatanan kehidupan baru atau normal.
#edukasipolri
.
.","#infopolsekbadau adalah tetap beraktivitas namun selalu memperhatikan protokol kesehatan.

sobat polri, yuk sama-sama kita perhatikan protokol kesehatan dalam rangka menyongsong tatanan kehidupan baru atau normal.
#edukasipolri
.
.","#infopolsekbadau beraktivitas memperhatikan protokol kesehatan . 

 sobat polri , perhatikan protokol kesehatan rangka menyongsong tatanan kehidupan . 
 #edukasipolri 
 . 
 ."
"jelang new normal life, brimob kaltim intensifkan patroli jamÂ rawan https://t.co/heuql1rqfa","jelang life, brimob kaltim intensifkan patroli jamÂ rawan","jelang life, brimob kaltim intensifkan patroli jamÂ rawan","jelang life , brimob kaltim intensifkan patroli jam    rawan"
"new normal adalah ketidak normalan itu sendiri .
halah https://t.co/ei2avu7sw6","adalah ketidak normalan itu sendiri .
halah","adalah ketidak normalan itu sendiri .
halah","ketidak normalan . 
 halah"
"webinar pp pmkri, bahas penerapan newÂ normal https://t.co/pelz9gndal","webinar pp pmkri, bahas penerapan newÂ normal","webinar pp pmkri, bahas penerapan newÂ normal","webinar pp pmkri , bahas penerapan   "
"melihat tanda-tanda ""new normal"" di yogyakarta https://t.co/orul652d4b","melihat tanda-tanda ""new normal"" di yogyakarta","melihat tanda-tanda ""new normal"" di yogyakarta","tanda-tanda "" "" yogyakarta"
"tim sosialisasi new normal aceh timur didukung polisi dan tni, pasar sampai cafe jadi target https://t.co/h3gsyqhhxn","tim sosialisasi aceh timur didukung polisi dan tni, pasar sampai cafe jadi target","tim sosialisasi aceh timur didukung polisi dan tni, pasar sampai cafe jadi target","tim sosialisasi aceh timur didukung polisi tni , pasar cafe target"
"berkah new normal! beli rumah diskon 314 juta, cicilan cuma 12 jutaan! https://t.co/bsoitj2fjl https://t.co/jpzduonz83","berkah normal! beli rumah diskon 314 juta, cicilan cuma 12 jutaan!","berkah normal! beli rumah diskon 314 juta, cicilan cuma 12 jutaan!","berkah ! beli rumah diskon 314 juta , cicilan 12 jutaan !"
the new normal.. ketupat sotong kelantan for breakfast ya adik kakak. so  paham jer la kalo tengahari abiang sunyi ja..tu maknanya tengah membuta ya. ğŸ¤£ğŸ¤£ğŸ¤£ https://t.co/dbofwbh6gr,the normal.. ketupat sotong kelantan for breakfast ya adik kakak. so paham jer la kalo tengahari abiang sunyi ja..tu maknanya tengah membuta ya. ğŸ¤£ğŸ¤£ğŸ¤£,the normal.. ketupat sotong kelantan for breakfast ya adik kakak. sok paham jer lah kalo tengahari abiang sunyi ja..tu maknanya tengah membuta ya. ğŸ¤£ğŸ¤£ğŸ¤£,the .. ketupat sotong kelantan for breakfast adik kakak . sok paham jer tengahari abiang sunyi ja .. maknanya membuta . ğŸ¤£ ğŸ¤£ ğŸ¤£
"kalau ujung2nya herd immunity dan new normal, kenapa harus ngluarin dana besar2an utk cegah covid dll, utang, covid bond, ujung2nya disuruh seleksi alam juga. kek banyak org bilang, indonesia hutan rimba, klo kuat ya selamet, ga kuat mati. #randomthoughts","kalau ujung2nya herd immunity dan normal, kenapa harus ngluarin dana besar2an utk cegah covid dll, utang, covid bond, ujung2nya disuruh seleksi alam juga. kek banyak org bilang, indonesia hutan rimba, klo kuat ya selamet, ga kuat mati. #randomthoughts","kalau ujung2nya herd immunity dan normal, kenapa harus ngluarin dana besar-besaran untuk cegah covid dll, utang, covid bond, ujung2nya disuruh seleksi alam juga. kayak banyak orang bilang, indonesia hutan rimba, kalo kuat ya selamet, enggak kuat mati. #randomthoughts","ujung2nya herd immunity , ngluarin dana besar-besaran cegah covid dll , utang , covid bond , ujung2nya disuruh seleksi alam . orang bilang , indonesia hutan rimba , kuat selamet , kuat mati . #randomthoughts"
"new normal, petugas retribusi pasar di wonogiri pakai apd lengkap https://t.co/wyjak6ahqn https://t.co/omtil4uabv","normal, petugas retribusi pasar di wonogiri pakai apd lengkap","normal, petugas retribusi pasar di wonogiri pakai apd lengkap",", petugas retribusi pasar wonogiri pakai apd lengkap"
"udah mau new normal tp tidur ga balik normalğŸ˜“
salam dari manusia yg mulai mengantuk sat dengar adzan shubuh.","udah mau tp tidur ga balik normalğŸ˜“
salam dari manusia yg mulai mengantuk sat dengar adzan shubuh.","sudah mau tapi tidur enggak balik normalğŸ˜“
salam dari manusia yang mulai mengantuk sat dengar adzan shubuh.","tidur ğŸ˜“ 
 salam manusia mengantuk sat dengar adzan shubuh ."
"@mardi08045974 new normal qt hny pada penambahan quota njeh, karena klo qt buka seluas luasnya, akan terjadi antrian panjang dan kerumunan","qt hny pada penambahan quota njeh, karena klo qt buka seluas luasnya, akan terjadi antrian panjang dan kerumunan","kita hanya pada penambahan quota njeh, karena kalo kita buka seluas luasnya, akan terjadi antrian panjang dan kerumunan","penambahan quota njeh , buka seluas luasnya , antrian kerumunan"
"pak sutari pernah mencontohkan pada saya dan seluruh teman-teman sekelas lainnya tentang penerapan bahasa yang santun adalah seperti, anak ibu sebenarnya tidak bodoh, hanya belajarnya saja yang kurang. https://t.co/kry6n3aghs","pak sutari pernah mencontohkan pada saya dan seluruh teman-teman sekelas lainnya tentang penerapan bahasa yang santun adalah seperti, anak ibu sebenarnya tidak bodoh, hanya belajarnya saja yang kurang.","pak sutari pernah mencontohkan pada saya dan seluruh teman-teman sekelas lainnya tentang penerapan bahasa yang santun adalah seperti, anak ibu sebenarnya tidak bodoh, hanya belajarnya saja yang kurang.","sutari mencontohkan teman-teman sekelas penerapan bahasa santun , anak bodoh , belajarnya ."
bagaimana industri famp;b hadapi new normal? ikuti talkshow-nya! https://t.co/4kmgnjhwjh https://t.co/ipeu925mbn,bagaimana industri famp;b hadapi normal? ikuti talkshow-nya!,bagaimana industri famp;b hadapi normal? ikuti talkshow-nya!,industri famp;b hadapi ? ikuti talkshow -nya !
"menuju new normal, pasien positif virus corona di malang justru jadi 64 orang https://t.co/ltyo3elgzu","menuju normal, pasien positif virus corona di malang justru jadi 64 orang","menuju normal, pasien positif virus corona di malang justru jadi 64 orang",", pasien positif virus corona malang 64 orang"
"menyambut ""new normal"" di bumi nyiur melambai dengan semangat gotong royong https://t.co/8us5z0rleb","menyambut ""new normal"" di bumi nyiur melambai dengan semangat gotong royong","menyambut ""new normal"" di bumi nyiur melambai dengan semangat gotong royong","menyambut "" "" bumi nyiur melambai semangat gotong royong"
"para pekerja di sulbar, bersiaplah menghadapi â€˜newÂ normalâ€™ https://t.co/ciy3bvfb2k","para pekerja di sulbar, bersiaplah menghadapi â€˜newÂ normalâ€™","para pekerja di sulbar, bersiaplah menghadapi â€˜newÂ normalâ€™","pekerja sulbar , bersiaplah menghadapi â€˜    â€™"
